Keyword,Cluster,Intent,Audience,Primary URL,Content Type,Location,Business Value,Conversion Potential,Priority,Status
"robo soccer competition","robo-soccer","competition","students-colleges","/events/competition/robo-soccer","event-guide","global","high","7","P1","mapped"
"robo soccer competition india","robo-soccer","competition","students-colleges","/events/competition/robo-soccer","event-guide","india","high","7","P1","mapped"
"college robo soccer competition","robo-soccer","competition","students-colleges","/events/competition/robo-soccer","event-guide","global","high","7","P1","mapped"
"engineering college robo soccer","robo-soccer","competition","students-colleges","/events/competition/robo-soccer","event-guide","global","high","7","P1","mapped"
"national robo soccer tournament","robo-soccer","competition","students-colleges","/events/competition/robo-soccer","event-guide","india","high","7","P1","mapped"
"robo soccer rules and regulations","robo-soccer","informational","students-colleges","/events/competition/robo-soccer","event-guide","global","high","7","P1","mapped"
"robo soccer arena dimensions","robo-soccer","informational","students-colleges","/events/competition/robo-soccer","event-guide","global","high","7","P1","mapped"
"how to prepare for robo soccer","robo-soccer","informational","students-colleges","/events/competition/robo-soccer","event-guide","global","high","7","P1","mapped"
"robo soccer match guidelines","robo-soccer","informational","students-colleges","/events/competition/robo-soccer","event-guide","global","high","7","P1","mapped"
"rc robo soccer tournament","robo-soccer","competition","students-colleges","/events/competition/robo-soccer","event-guide","global","high","7","P1","mapped"
"robo race competition","robo-race","competition","students-colleges","/events/competition/robo-race","event-guide","global","high","7","P1","mapped"
"robo race competition india","robo-race","competition","students-colleges","/events/competition/robo-race","event-guide","india","high","7","P1","mapped"
"robot race event","robo-race","competition","students-colleges","/events/competition/robo-race","event-guide","global","high","7","P1","mapped"
"college robo race challenge","robo-race","competition","students-colleges","/events/competition/robo-race","event-guide","global","high","7","P1","mapped"
"robo race track specifications","robo-race","informational","students-colleges","/events/competition/robo-race","event-guide","global","high","7","P1","mapped"
"robo race rules engineering","robo-race","informational","students-colleges","/events/competition/robo-race","event-guide","global","high","7","P1","mapped"
"all terrain robo race competition","robo-race","competition","students-colleges","/events/competition/robo-race","event-guide","global","high","7","P1","mapped"
"high speed robot race competition","robo-race","competition","students-colleges","/events/competition/robo-race","event-guide","global","high","7","P1","mapped"
"robo race technical inspection","robo-race","informational","students-colleges","/events/competition/robo-race","event-guide","global","high","7","P1","mapped"
"line follower competition","line-follower","competition","students-colleges","/events/competition/line-follower","event-guide","global","high","7","P1","mapped"
"line follower competition india","line-follower","competition","students-colleges","/events/competition/line-follower","event-guide","india","high","7","P1","mapped"
"autonomous line follower event","line-follower","competition","students-colleges","/events/competition/line-follower","event-guide","global","high","7","P1","mapped"
"college line follower contest","line-follower","competition","students-colleges","/events/competition/line-follower","event-guide","global","high","7","P1","mapped"
"line follower track rules","line-follower","informational","students-colleges","/events/competition/line-follower","event-guide","global","high","7","P1","mapped"
"pid line follower competition","line-follower","competition","students-colleges","/events/competition/line-follower","event-guide","global","high","7","P1","mapped"
"high speed line follower event","line-follower","competition","students-colleges","/events/competition/line-follower","event-guide","global","high","7","P1","mapped"
"line follower arena specifications","line-follower","informational","students-colleges","/events/competition/line-follower","event-guide","global","high","7","P1","mapped"
"robo war competition","robo-war","competition","students-colleges","/events/competition/robo-war","event-guide","global","high","7","P1","mapped"
"robo war competition india","robo-war","competition","students-colleges","/events/competition/robo-war","event-guide","india","high","7","P1","mapped"
"combat robotics competition india","robo-war","competition","students-colleges","/events/competition/robo-war","event-guide","india","high","7","P1","mapped"
"college robo war tournament","robo-war","competition","students-colleges","/events/competition/robo-war","event-guide","global","high","7","P1","mapped"
"robo war arena safety rules","robo-war","informational","students-colleges","/events/competition/robo-war","event-guide","global","high","7","P1","mapped"
"weight categories robo war india","robo-war","informational","students-colleges","/events/competition/robo-war","event-guide","india","high","7","P1","mapped"
"robot combat championship","robo-war","competition","students-colleges","/events/competition/robo-war","event-guide","global","high","7","P1","mapped"
"robo sumo competition","robo-sumo","competition","students-colleges","/events/competition/robo-sumo","event-guide","global","high","7","P1","mapped"
"sumo robot tournament","robo-sumo","competition","students-colleges","/events/competition/robo-sumo","event-guide","global","high","7","P1","mapped"
"mini sumo robotics competition","robo-sumo","competition","students-colleges","/events/competition/robo-sumo","event-guide","global","high","7","P1","mapped"
"dohyo arena rules sumo robot","robo-sumo","informational","students-colleges","/events/competition/robo-sumo","event-guide","global","high","7","P1","mapped"
"autonomous sumo robot contest","robo-sumo","competition","students-colleges","/events/competition/robo-sumo","event-guide","global","high","7","P1","mapped"
"drone race competition","drone-race","competition","students-colleges","/events/competition/drone-race","event-guide","global","high","7","P1","mapped"
"drone racing competition india","drone-race","competition","students-colleges","/events/competition/drone-race","event-guide","india","high","7","P1","mapped"
"fpv drone racing tournament","drone-race","competition","students-colleges","/events/competition/drone-race","event-guide","global","high","7","P1","mapped"
"college drone racing league","drone-race","competition","students-colleges","/events/competition/drone-race","event-guide","global","high","7","P1","mapped"
"drone race obstacle track rules","drone-race","informational","students-colleges","/events/competition/drone-race","event-guide","global","high","7","P1","mapped"
"maze solver competition","maze-solver","competition","students-colleges","/events/competition/maze-solver","event-guide","global","high","7","P1","mapped"
"micromouse maze solver competition","maze-solver","competition","students-colleges","/events/competition/maze-solver","event-guide","global","high","7","P1","mapped"
"autonomous maze solver event","maze-solver","competition","students-colleges","/events/competition/maze-solver","event-guide","global","high","7","P1","mapped"
"maze solving robot contest india","maze-solver","competition","students-colleges","/events/competition/maze-solver","event-guide","india","high","7","P1","mapped"
"maze solver grid specifications","maze-solver","informational","students-colleges","/events/competition/maze-solver","event-guide","global","high","7","P1","mapped"
"robotics competition","competitions-general","competition","students-colleges","/events/competition/general-robotics","event-guide","global","high","7","P1","mapped"
"robotics competitions india","competitions-general","competition","students-colleges","/events/competition/general-robotics","event-guide","india","high","7","P1","mapped"
"robotics events india","competitions-general","competition","students-colleges","/events","solution","global","high","7","P1","mapped"
"college robotics competition","competitions-general","competition","students-colleges","/events/competition/general-robotics","event-guide","global","high","7","P1","mapped"
"school robotics competition","competitions-general","competition","students-colleges","/events/competition/general-robotics","event-guide","global","high","7","P1","mapped"
"engineering robotics competition","competitions-general","competition","students-colleges","/events/competition/general-robotics","event-guide","global","high","7","P1","mapped"
"national robotics competition india","competitions-general","competition","students-colleges","/events/competition/general-robotics","event-guide","india","high","7","P1","mapped"
"robotics exhibition india","competitions-general","informational","students-colleges","/events","solution","india","high","7","P1","mapped"
"technical symposium robotics events","competitions-general","competition","students-colleges","/events","solution","global","high","7","P1","mapped"
"robotics fest india","competitions-general","competition","students-colleges","/events","solution","india","high","7","P1","mapped"
"competition robot","competition-robots","commercial","students-colleges","/products/competition","product","global","very-high","9","P0","mapped"
"competition robots","competition-robots","commercial","students-colleges","/products/competition","product","global","very-high","9","P0","mapped"
"robot competition kit","competition-robots","commercial","students-colleges","/products/competition","product","global","very-high","9","P0","mapped"
"robotics competition robot","competition-robots","commercial","students-colleges","/products/competition","product","global","very-high","9","P0","mapped"
"rc competition robot","competition-robots","commercial","students-colleges","/products/competition","product","global","very-high","9","P0","mapped"
"autonomous competition robot","competition-robots","commercial","students-colleges","/products/competition","product","global","very-high","9","P0","mapped"
"robot racing platform","competition-robots","commercial","students-colleges","/products/competition","product","global","very-high","9","P0","mapped"
"combat robotics platform","competition-robots","commercial","students-colleges","/products/competition","product","global","very-high","9","P0","mapped"
"educational competition robot","competition-robots","commercial","students-colleges","/products/competition","product","global","very-high","9","P0","mapped"
"college competition robot","competition-robots","commercial","students-colleges","/products/competition","product","global","very-high","9","P0","mapped"
"student competition robot","competition-robots","commercial","students-colleges","/products/competition","product","global","very-high","9","P0","mapped"
"engineering competition robot","competition-robots","commercial","students-colleges","/products/competition","product","global","very-high","9","P0","mapped"
"competition robotics platform","competition-robots","commercial","students-colleges","/products/competition","product","global","very-high","9","P0","mapped"
"competition robot chassis","competition-robots","commercial","students-colleges","/products/robotics-components","product","global","very-high","9","P0","mapped"
"competition robot wheels","competition-robots","commercial","students-colleges","/products/robotics-components","product","global","very-high","9","P0","mapped"
"competition robot motors","competition-robots","commercial","students-colleges","/products/robotics-components","product","global","very-high","9","P0","mapped"
"competition robot india","competition-robots","commercial","students-colleges","/products/competition","product","india","very-high","9","P0","mapped"
"robotics competition kit india","competition-robots","commercial","students-colleges","/products/competition","product","india","very-high","9","P0","mapped"
"ready to run competition robot","competition-robots","commercial","students-colleges","/products/competition","product","global","very-high","9","P0","mapped"
"pre built competition robot","competition-robots","commercial","students-colleges","/products/competition","product","global","very-high","9","P0","mapped"
"custom competition robot chassis","competition-robots","commercial","students-colleges","/products/robotics-components","product","global","very-high","9","P0","mapped"
"heavy duty competition robot chassis","competition-robots","commercial","students-colleges","/products/robotics-components","product","global","very-high","9","P0","mapped"
"aluminium robot chassis competition","competition-robots","commercial","students-colleges","/products/robotics-components","product","global","very-high","9","P0","mapped"
"competition robot controller board","competition-robots","commercial","students-colleges","/products/radio-controllers","product","global","very-high","9","P0","mapped"
"competition robot speed controller","competition-robots","commercial","students-colleges","/products/robotics-components","product","global","very-high","9","P0","mapped"
"competition robot battery pack","competition-robots","commercial","students-colleges","/products/robotics-components","product","global","very-high","9","P0","mapped"
"wireless robot for competition","competition-robots","commercial","students-colleges","/products/competition","product","global","very-high","9","P0","mapped"
"rf controlled competition robot","competition-robots","commercial","students-colleges","/products/competition","product","global","very-high","9","P0","mapped"
"competition robot supplier india","competition-robots","commercial","students-colleges","/products/competition","product","india","very-high","9","P0","mapped"
"competition robot manufacturer coimbatore","competition-robots","commercial","students-colleges","/products/competition","product","coimbatore","very-high","9","P0","mapped"
"robo soccer robot","robo-soccer","commercial","students-colleges","/products/competition/rc-robo-soccer","product","global","very-high","9","P0","mapped"
"robo soccer robot kit","robo-soccer","commercial","students-colleges","/products/competition/rc-robo-soccer","product","global","very-high","9","P0","mapped"
"robo soccer kit","robo-soccer","commercial","students-colleges","/products/competition/rc-robo-soccer","product","global","very-high","9","P0","mapped"
"robo soccer robot india","robo-soccer","commercial","students-colleges","/products/competition/rc-robo-soccer","product","india","very-high","9","P0","mapped"
"robo soccer competition kit","robo-soccer","commercial","students-colleges","/products/competition/rc-robo-soccer","product","global","very-high","9","P0","mapped"
"robo soccer robot for college","robo-soccer","commercial","students-colleges","/products/competition/rc-robo-soccer","product","global","very-high","9","P0","mapped"
"robo soccer kit for students","robo-soccer","commercial","students-colleges","/products/competition/rc-robo-soccer","product","global","very-high","9","P0","mapped"
"rc soccer robot with kicker","robo-soccer","commercial","students-colleges","/products/competition/rc-robo-soccer","product","global","very-high","9","P0","mapped"
"4 wheel drive robo soccer bot","robo-soccer","commercial","students-colleges","/products/competition/rc-robo-soccer","product","global","very-high","9","P0","mapped"
"dribbler mechanism robo soccer robot","robo-soccer","commercial","students-colleges","/products/competition/rc-robo-soccer","product","global","very-high","9","P0","mapped"
"robo race robot","robo-race","commercial","students-colleges","/products/competition/rc-robo-race","product","global","very-high","9","P0","mapped"
"robo race robot kit","robo-race","commercial","students-colleges","/products/competition/rc-robo-race","product","global","very-high","9","P0","mapped"
"robo race kit","robo-race","commercial","students-colleges","/products/competition/rc-robo-race","product","global","very-high","9","P0","mapped"
"robo race robot india","robo-race","commercial","students-colleges","/products/competition/rc-robo-race","product","india","very-high","9","P0","mapped"
"high speed robo race robot","robo-race","commercial","students-colleges","/products/competition/rc-robo-race","product","global","very-high","9","P0","mapped"
"all terrain robo race robot kit","robo-race","commercial","students-colleges","/products/competition/rc-robo-race","product","global","very-high","9","P0","mapped"
"obstacle track robo race robot","robo-race","commercial","students-colleges","/products/competition/rc-robo-race","product","global","very-high","9","P0","mapped"
"robo race chassis kit","robo-race","commercial","students-colleges","/products/competition/rc-robo-race","product","global","very-high","9","P0","mapped"
"line follower robot","line-follower","commercial","students-colleges","/products/competition/ttrc-lf-5-0","product","global","very-high","9","P0","mapped"
"line follower kit","line-follower","commercial","students-colleges","/products/competition/ttrc-lf-5-0","product","global","very-high","9","P0","mapped"
"line follower robot kit","line-follower","commercial","students-colleges","/products/competition/ttrc-lf-5-0","product","global","very-high","9","P0","mapped"
"line follower robot kit india","line-follower","commercial","students-colleges","/products/competition/ttrc-lf-5-0","product","india","very-high","9","P0","mapped"
"line follower robot india","line-follower","commercial","students-colleges","/products/competition/ttrc-lf-5-0","product","india","very-high","9","P0","mapped"
"pid line follower robot","line-follower","commercial","students-colleges","/products/competition/ttrc-lf-5-0","product","global","very-high","9","P0","mapped"
"pid line follower kit","line-follower","commercial","students-colleges","/products/competition/ttrc-lf-5-0","product","global","very-high","9","P0","mapped"
"fast line follower robot kit","line-follower","commercial","students-colleges","/products/competition/ttrc-lf-5-0","product","global","very-high","9","P0","mapped"
"line tracking robot kit","line-follower","commercial","students-colleges","/products/competition/ttrc-lf-5-0","product","global","very-high","9","P0","mapped"
"robo war robot","robo-war","commercial","students-colleges","/products/competition","product","global","very-high","9","P0","mapped"
"robo war kit","robo-war","commercial","students-colleges","/products/competition","product","global","very-high","9","P0","mapped"
"robo war robot kit","robo-war","commercial","students-colleges","/products/competition","product","global","very-high","9","P0","mapped"
"combat robot kit india","robo-war","commercial","students-colleges","/products/competition","product","india","very-high","9","P0","mapped"
"robo sumo robot","robo-sumo","commercial","students-colleges","/products/competition","product","global","very-high","9","P0","mapped"
"sumo robot kit","robo-sumo","commercial","students-colleges","/products/competition","product","global","very-high","9","P0","mapped"
"maze solver robot","maze-solver","commercial","students-colleges","/products/competition","product","global","very-high","9","P0","mapped"
"maze solver robot kit","maze-solver","commercial","students-colleges","/products/competition","product","global","very-high","9","P0","mapped"
"robotics kit","robotics-kits","commercial","students-colleges","/products","product","global","high","9","P0","mapped"
"robotics kits","robotics-kits","commercial","students-colleges","/products","product","global","high","9","P0","mapped"
"robotics kit india","robotics-kits","commercial","students-colleges","/products","product","india","high","9","P0","mapped"
"robotics kits india","robotics-kits","commercial","students-colleges","/products","product","india","high","9","P0","mapped"
"robotics kit for students","robotics-kits","commercial","students-colleges","/products","product","global","high","9","P1","mapped"
"robotics kit for school","robotics-kits","commercial","students-colleges","/products/educational-robotics","product","global","high","9","P1","mapped"
"robotics kit for schools","robotics-kits","commercial","students-colleges","/products/educational-robotics","product","global","high","9","P1","mapped"
"robotics kit for college","robotics-kits","commercial","students-colleges","/products/competition","product","global","high","9","P1","mapped"
"robotics kit for college students","robotics-kits","commercial","students-colleges","/products/competition","product","global","high","9","P1","mapped"
"engineering robotics kit","robotics-kits","commercial","students-colleges","/products/competition","product","global","high","9","P1","mapped"
"stem robotics kit","robotics-kits","commercial","students-colleges","/products/educational-robotics","product","global","high","9","P1","mapped"
"stem learning kits","robotics-kits","commercial","students-colleges","/products/educational-robotics","product","global","high","9","P1","mapped"
"educational robotics kit","robotics-kits","commercial","students-colleges","/products/educational-robotics","product","global","high","9","P1","mapped"
"educational robotics kits india","robotics-kits","commercial","students-colleges","/products/educational-robotics","product","india","high","9","P1","mapped"
"competition robotics kit","robotics-kits","commercial","students-colleges","/products/competition","product","global","high","9","P0","mapped"
"robotics project kit","robotics-kits","commercial","students-colleges","/products","product","global","high","9","P1","mapped"
"robotics project kits for college","robotics-kits","commercial","students-colleges","/products","product","global","high","9","P1","mapped"
"robotics training kit","robotics-kits","commercial","students-colleges","/products","product","global","high","9","P1","mapped"
"robotics lab kit","robotics-kits","commercial","students-colleges","/solutions/schools","product","global","high","9","P1","mapped"
"robotics experiment kit","robotics-kits","commercial","students-colleges","/products/educational-robotics","product","global","high","9","P2","mapped"
"robotics development kit","robotics-kits","commercial","students-colleges","/products","product","global","high","9","P1","mapped"
"diy robotics kit","robotics-kits","commercial","students-colleges","/products","product","global","high","9","P1","mapped"
"diy robotics kit india","robotics-kits","commercial","students-colleges","/products","product","india","high","9","P1","mapped"
"beginner robotics kit","robotics-kits","commercial","students-colleges","/products/educational-robotics","product","global","high","9","P2","mapped"
"advanced robotics kit","robotics-kits","commercial","students-colleges","/products/competition","product","global","high","9","P1","mapped"
"programmable robotics kit","robotics-kits","commercial","students-colleges","/products","product","global","high","9","P1","mapped"
"arduino robotics kit","robotics-kits","commercial","students-colleges","/products","product","global","high","9","P1","mapped"
"arduino robotics kit india","robotics-kits","commercial","students-colleges","/products","product","india","high","9","P1","mapped"
"esp32 robotics kit","robotics-kits","commercial","students-colleges","/products","product","global","high","9","P1","mapped"
"esp32 robot kit india","robotics-kits","commercial","students-colleges","/products","product","india","high","9","P1","mapped"
"raspberry pi robotics kit","robotics-kits","commercial","students-colleges","/products","product","global","high","9","P2","mapped"
"rc robotics kit","robotics-kits","commercial","students-colleges","/products/competition","product","global","high","9","P1","mapped"
"wireless robot kit","robotics-kits","commercial","students-colleges","/products/competition","product","global","high","9","P1","mapped"
"bluetooth robotics kit","robotics-kits","commercial","students-colleges","/products","product","global","high","9","P2","mapped"
"robotics kit coimbatore","robotics-kits","local","students-colleges","/products","product","coimbatore","high","9","P1","mapped"
"robotics kit supplier coimbatore","robotics-kits","local","students-colleges","/products","product","coimbatore","high","9","P0","mapped"
"robotics kit manufacturer india","robotics-kits","commercial","students-colleges","/products","product","india","high","9","P0","mapped"
"robotics kit supplier tamil nadu","robotics-kits","local","students-colleges","/products","product","tamil-nadu","high","9","P1","mapped"
"robotics learning kit for kids","robotics-kits","commercial","students-colleges","/products/educational-robotics","product","global","high","9","P2","mapped"
"school stem robotics kit","robotics-kits","commercial","students-colleges","/products/educational-robotics","product","global","high","9","P1","mapped"
"atl lab robotics kit","robotics-kits","commercial","students-colleges","/solutions/schools","product","india","high","9","P1","mapped"
"tinkering lab robotics kit","robotics-kits","commercial","students-colleges","/solutions/schools","product","global","high","9","P1","mapped"
"robotics starter kit","robotics-kits","commercial","students-colleges","/products/educational-robotics","product","global","high","9","P2","mapped"
"chassis kit for robotics","robotics-kits","commercial","students-colleges","/products/robotics-components","product","global","high","9","P2","mapped"
"robot building kit india","robotics-kits","commercial","students-colleges","/products","product","india","high","9","P1","mapped"
"robotics practical kit engineering","robotics-kits","commercial","students-colleges","/products/competition","product","global","high","9","P1","mapped"
"mechatronics training kit","robotics-kits","commercial","students-colleges","/products","product","global","high","9","P1","mapped"
"robotics sensor kit","robotics-kits","commercial","students-colleges","/products/robotics-components","product","global","high","9","P2","mapped"
"electronics and robotics kit","robotics-kits","commercial","students-colleges","/products","product","global","high","9","P2","mapped"
"microcontroller robotics kit","robotics-kits","commercial","students-colleges","/products","product","global","high","9","P2","mapped"
"stem diy kit india","robotics-kits","commercial","students-colleges","/products/educational-robotics","product","india","high","9","P2","mapped"
"affordable robotics kit india","robotics-kits","commercial","students-colleges","/products","product","india","high","9","P1","mapped"
"robotics hardware kit","robotics-kits","commercial","students-colleges","/products","product","global","high","9","P1","mapped"
"robotics prototyping kit","robotics-kits","commercial","students-colleges","/products","product","global","high","9","P1","mapped"
"smart robot kit","robotics-kits","commercial","students-colleges","/products","product","global","high","9","P2","mapped"
"obstacle avoiding robot kit","robotics-kits","commercial","students-colleges","/products","product","global","high","9","P2","mapped"
"humanoid robot kit india","robotics-kits","commercial","students-colleges","/products","product","global","high","9","P3","mapped"
"quadcopter drone kit india","robotics-kits","commercial","students-colleges","/products/competition","product","india","high","9","P2","mapped"
"robotics equipment supplier india","robotics-kits","commercial","students-colleges","/products","product","india","high","9","P0","mapped"
"robotics hobbyist kit","robotics-kits","commercial","students-colleges","/products","product","global","high","9","P2","mapped"
"robotics maker kit","robotics-kits","commercial","students-colleges","/products","product","global","high","9","P2","mapped"
"electronic project kit for engineering","robotics-kits","commercial","students-colleges","/products","product","global","high","9","P2","mapped"
"stem education","stem-education","educational","students-colleges","/learn/school-students","solution","global","high","8","P1","mapped"
"stem robotics","stem-education","educational","students-colleges","/learn/school-students","solution","global","very-high","8","P0","mapped"
"robotics education","stem-education","educational","students-colleges","/learn/school-students","solution","global","high","8","P1","mapped"
"robotics training","stem-education","commercial","students-colleges","/learn/school-students","solution","global","very-high","8","P0","mapped"
"robotics classes","stem-education","commercial","students-colleges","/learn/school-students","solution","global","high","8","P1","mapped"
"robotics workshop","stem-education","commercial","students-colleges","/learn/school-students","solution","global","high","8","P1","mapped"
"robotics course","stem-education","commercial","students-colleges","/courses","course","global","high","8","P1","mapped"
"robotics program","stem-education","educational","students-colleges","/learn/school-students","solution","global","high","8","P2","mapped"
"school robotics program","stem-education","commercial","schools-educators","/solutions/schools","solution","global","high","8","P1","mapped"
"college robotics program","stem-education","commercial","students-colleges","/solutions/colleges","solution","global","high","8","P1","mapped"
"robotics education india","stem-education","educational","students-colleges","/learn/school-students","solution","india","high","8","P1","mapped"
"stem robotics india","stem-education","educational","students-colleges","/learn/school-students","solution","india","very-high","8","P0","mapped"
"robotics training india","stem-education","commercial","students-colleges","/learn/school-students","solution","india","very-high","8","P0","mapped"
"robotics workshop india","stem-education","commercial","students-colleges","/learn/school-students","solution","india","high","8","P1","mapped"
"robotics classes for students","stem-education","commercial","students-colleges","/learn/school-students","solution","global","high","8","P1","mapped"
"robotics training for engineering students","stem-education","commercial","students-colleges","/learn/engineering-students","solution","global","high","8","P1","mapped"
"robotics workshop for engineering students","stem-education","commercial","students-colleges","/learn/engineering-students","solution","global","high","8","P1","mapped"
"robotics course for students","stem-education","commercial","students-colleges","/courses","course","global","high","8","P1","mapped"
"robotics course india","stem-education","commercial","students-colleges","/courses","course","india","high","8","P1","mapped"
"stem learning curriculum","stem-education","educational","students-colleges","/learn/school-students","solution","global","high","8","P2","mapped"
"robotics coaching classes","stem-education","commercial","students-colleges","/learn/school-students","solution","global","high","8","P2","mapped"
"robotics summer camp","stem-education","commercial","students-colleges","/learn/school-students","solution","global","high","8","P2","mapped"
"robotics bootcamp","stem-education","commercial","students-colleges","/courses","course","global","high","8","P2","mapped"
"practical robotics training","stem-education","commercial","students-colleges","/learn/engineering-students","solution","global","high","8","P1","mapped"
"hands on robotics workshop","stem-education","commercial","students-colleges","/learn/engineering-students","solution","global","high","8","P1","mapped"
"robotics training institute","stem-education","commercial","students-colleges","/courses","course","global","high","8","P1","mapped"
"robotics training center","stem-education","commercial","students-colleges","/courses","course","global","high","8","P1","mapped"
"robotics classes for kids","stem-education","commercial","schools-educators","/learn/school-students","solution","global","high","8","P2","mapped"
"robotics coding classes","stem-education","commercial","students-colleges","/learn/school-students","solution","global","high","8","P2","mapped"
"stem education company","stem-education","commercial","students-colleges","/solutions/schools","solution","global","high","8","P1","mapped"
"stem education india","stem-education","educational","students-colleges","/solutions/schools","solution","india","high","8","P1","mapped"
"robotics stem company","stem-education","commercial","students-colleges","/solutions/schools","solution","global","high","8","P1","mapped"
"robotics education company","stem-education","commercial","students-colleges","/solutions/schools","solution","global","high","8","P1","mapped"
"robotics certificate course","stem-education","commercial","students-colleges","/courses","course","global","high","8","P1","mapped"
"online robotics course india","stem-education","commercial","students-colleges","/courses","course","india","high","8","P2","mapped"
"robotics training coimbatore","stem-education","local","students-colleges","/learn/engineering-students","solution","coimbatore","very-high","8","P0","mapped"
"robotics classes coimbatore","stem-education","local","students-colleges","/learn/school-students","solution","coimbatore","high","8","P1","mapped"
"robotics workshop coimbatore","stem-education","local","students-colleges","/learn/engineering-students","solution","coimbatore","high","8","P1","mapped"
"robotics internship coimbatore","stem-education","local","students-colleges","/learn/engineering-students","solution","coimbatore","high","8","P1","mapped"
"robotics training tamil nadu","stem-education","local","students-colleges","/learn/engineering-students","solution","tamil-nadu","high","8","P1","mapped"
"robotics workshop tamil nadu","stem-education","local","students-colleges","/learn/engineering-students","solution","tamil-nadu","high","8","P1","mapped"
"stem learning activities","stem-education","educational","students-colleges","/learn/school-students","solution","global","high","8","P2","mapped"
"experiential learning robotics","stem-education","educational","students-colleges","/learn/school-students","solution","global","high","8","P2","mapped"
"robotics skill development","stem-education","educational","students-colleges","/learn/engineering-students","solution","global","high","8","P2","mapped"
"mechatronics course india","stem-education","commercial","students-colleges","/courses","course","india","high","8","P2","mapped"
"embedded systems robotics training","stem-education","commercial","students-colleges","/learn/engineering-students","solution","global","high","8","P1","mapped"
"iot and robotics workshop","stem-education","commercial","students-colleges","/learn/engineering-students","solution","global","high","8","P2","mapped"
"ai and robotics training for students","stem-education","commercial","students-colleges","/learn/engineering-students","solution","global","high","8","P2","mapped"
"robotics practical course","stem-education","commercial","students-colleges","/courses","course","global","high","8","P2","mapped"
"robotics mentoring program","stem-education","educational","students-colleges","/learn/engineering-students","solution","global","high","8","P2","mapped"
"robotics competitions training","stem-education","commercial","students-colleges","/learn/engineering-students","solution","global","high","8","P1","mapped"
"school robotics","school-robotics","educational","schools-educators","/solutions/schools","solution","global","very-high","9","P1","mapped"
"robotics for schools","school-robotics","commercial","schools-educators","/solutions/schools","solution","global","very-high","9","P1","mapped"
"stem lab school","school-robotics","commercial","schools-educators","/solutions/schools","solution","global","very-high","9","P1","mapped"
"school stem lab setup","school-robotics","commercial","schools-educators","/solutions/schools","solution","global","very-high","9","P0","mapped"
"school robotics lab","school-robotics","commercial","schools-educators","/solutions/schools","solution","global","very-high","9","P1","mapped"
"robotics lab for schools","school-robotics","commercial","schools-educators","/solutions/schools","solution","global","very-high","9","P0","mapped"
"robotics workshop for schools","school-robotics","commercial","schools-educators","/solutions/schools","solution","global","very-high","9","P1","mapped"
"school robotics training","school-robotics","commercial","schools-educators","/solutions/schools","solution","global","very-high","9","P1","mapped"
"school stem activities","school-robotics","educational","schools-educators","/solutions/schools","solution","global","very-high","9","P2","mapped"
"school robotics kit","school-robotics","commercial","schools-educators","/products/educational-robotics","product","global","very-high","9","P1","mapped"
"robotics lab setup for schools","school-robotics","commercial","schools-educators","/solutions/schools","solution","global","very-high","9","P0","mapped"
"robotics solutions for schools","school-robotics","commercial","schools-educators","/solutions/schools","solution","global","very-high","9","P0","mapped"
"robotics curriculum for schools","school-robotics","commercial","schools-educators","/solutions/schools","solution","global","very-high","9","P1","mapped"
"robotics lab setup cost for schools","school-robotics","commercial","schools-educators","/solutions/schools","solution","global","very-high","9","P1","mapped"
"cbse robotics curriculum support","school-robotics","commercial","schools-educators","/solutions/schools","solution","india","very-high","9","P1","mapped"
"icse robotics lab setup","school-robotics","commercial","schools-educators","/solutions/schools","solution","india","very-high","9","P1","mapped"
"tinkering lab for schools india","school-robotics","commercial","schools-educators","/solutions/schools","solution","india","very-high","9","P1","mapped"
"atl lab setup company india","school-robotics","commercial","schools-educators","/solutions/schools","solution","india","very-high","9","P1","mapped"
"school robotics teacher training","school-robotics","commercial","schools-educators","/solutions/schools","solution","global","very-high","9","P2","mapped"
"robotics club setup in schools","school-robotics","commercial","schools-educators","/solutions/schools","solution","global","very-high","9","P1","mapped"
"k12 robotics program","school-robotics","educational","schools-educators","/solutions/schools","solution","global","very-high","9","P2","mapped"
"robotics lab setup tamil nadu schools","school-robotics","local","schools-educators","/solutions/schools","solution","tamil-nadu","very-high","9","P1","mapped"
"school robotics training coimbatore","school-robotics","local","schools-educators","/solutions/schools","solution","coimbatore","very-high","9","P1","mapped"
"stem innovation lab for schools","school-robotics","commercial","schools-educators","/solutions/schools","solution","global","very-high","9","P1","mapped"
"school robotics expo","school-robotics","educational","schools-educators","/events","solution","global","very-high","9","P3","mapped"
"robotics summer camp for schools","school-robotics","commercial","schools-educators","/solutions/schools","solution","global","very-high","9","P2","mapped"
"robotics equipment for schools","school-robotics","commercial","schools-educators","/solutions/schools","solution","global","very-high","9","P1","mapped"
"school robotics supplier india","school-robotics","commercial","schools-educators","/solutions/schools","solution","india","very-high","9","P1","mapped"
"primary school robotics curriculum","school-robotics","educational","schools-educators","/solutions/schools","solution","global","very-high","9","P2","mapped"
"high school robotics competition training","school-robotics","commercial","schools-educators","/solutions/schools","solution","global","very-high","9","P1","mapped"
"school robotics lab design","school-robotics","commercial","schools-educators","/solutions/schools","solution","global","very-high","9","P2","mapped"
"school science and robotics lab","school-robotics","commercial","schools-educators","/solutions/schools","solution","global","very-high","9","P2","mapped"
"interactive robotics for schools","school-robotics","commercial","schools-educators","/solutions/schools","solution","global","very-high","9","P2","mapped"
"turnkey robotics lab for schools","school-robotics","commercial","schools-educators","/solutions/schools","solution","global","very-high","9","P1","mapped"
"college robotics","college-robotics","educational","students-colleges","/solutions/colleges","solution","global","very-high","9","P1","mapped"
"engineering college robotics","college-robotics","commercial","students-colleges","/solutions/colleges","solution","global","very-high","9","P1","mapped"
"college robotics lab","college-robotics","commercial","students-colleges","/solutions/colleges","solution","global","very-high","9","P1","mapped"
"engineering robotics lab","college-robotics","commercial","students-colleges","/solutions/colleges","solution","global","very-high","9","P1","mapped"
"robotics lab setup for colleges","college-robotics","commercial","students-colleges","/solutions/colleges","solution","global","very-high","9","P0","mapped"
"college robotics project","college-robotics","educational","students-colleges","/projects","solution","global","very-high","9","P1","mapped"
"college robotics training","college-robotics","commercial","students-colleges","/learn/engineering-students","solution","global","very-high","9","P1","mapped"
"college engineering project robotics","college-robotics","commercial","students-colleges","/projects","solution","global","very-high","9","P1","mapped"
"robotics workshop college","college-robotics","commercial","students-colleges","/learn/engineering-students","solution","global","very-high","9","P1","mapped"
"technical robotics training","college-robotics","commercial","students-colleges","/learn/engineering-students","solution","global","very-high","9","P1","mapped"
"robotics solutions for colleges","college-robotics","commercial","students-colleges","/solutions/colleges","solution","global","very-high","9","P0","mapped"
"center of excellence robotics college","college-robotics","commercial","students-colleges","/solutions/colleges","solution","global","very-high","9","P0","mapped"
"robotics lab setup cost for colleges","college-robotics","commercial","students-colleges","/solutions/colleges","solution","global","very-high","9","P1","mapped"
"college robotics research lab","college-robotics","commercial","students-colleges","/solutions/colleges","solution","global","very-high","9","P1","mapped"
"mechatronics lab setup college","college-robotics","commercial","students-colleges","/solutions/colleges","solution","global","very-high","9","P1","mapped"
"automation lab setup for engineering colleges","college-robotics","commercial","students-colleges","/solutions/colleges","solution","global","very-high","9","P1","mapped"
"engineering college robotics workshop coimbatore","college-robotics","local","students-colleges","/learn/engineering-students","solution","coimbatore","very-high","9","P1","mapped"
"robotics faculty development program","college-robotics","commercial","students-colleges","/solutions/colleges","solution","global","very-high","9","P2","mapped"
"college robotics club mentoring","college-robotics","commercial","students-colleges","/solutions/colleges","solution","global","very-high","9","P1","mapped"
"engineering final year robotics project center","college-robotics","commercial","students-colleges","/projects","solution","global","very-high","9","P1","mapped"
"robotics symposium sponsorship","college-robotics","commercial","students-colleges","/events","solution","global","very-high","9","P3","mapped"
"college robotics team sponsorship","college-robotics","commercial","students-colleges","/events/competition/general-robotics","solution","global","very-high","9","P2","mapped"
"autonomous robotics lab for universities","college-robotics","commercial","students-colleges","/solutions/colleges","solution","global","very-high","9","P1","mapped"
"industrial robotics training for colleges","college-robotics","commercial","students-colleges","/learn/industrial-training","solution","global","very-high","9","P1","mapped"
"plc robotics lab for engineering colleges","college-robotics","commercial","students-colleges","/solutions/colleges","solution","global","very-high","9","P1","mapped"
"college robotics kits supplier tamil nadu","college-robotics","local","students-colleges","/solutions/colleges","solution","tamil-nadu","very-high","9","P1","mapped"
"embedded robotics workshop college students","college-robotics","commercial","students-colleges","/learn/engineering-students","solution","global","very-high","9","P1","mapped"
"robotics mou for engineering colleges","college-robotics","commercial","students-colleges","/solutions/colleges","solution","global","very-high","9","P1","mapped"
"college drone lab setup","college-robotics","commercial","students-colleges","/solutions/colleges","solution","global","very-high","9","P1","mapped"
"ai robotics lab setup engineering college","college-robotics","commercial","students-colleges","/solutions/colleges","solution","global","very-high","9","P1","mapped"
"robotics incubation for college startups","college-robotics","commercial","students-colleges","/solutions/startups","solution","global","very-high","9","P2","mapped"
"engineering college tech fest robotics partner","college-robotics","commercial","students-colleges","/events","solution","global","very-high","9","P2","mapped"
"robotics hands on training for ece and eee","college-robotics","commercial","students-colleges","/learn/engineering-students","solution","global","very-high","9","P1","mapped"
"mechanical engineering robotics project support","college-robotics","commercial","students-colleges","/projects","solution","global","very-high","9","P1","mapped"
"turnkey robotics lab for engineering college","college-robotics","commercial","students-colleges","/solutions/colleges","solution","global","very-high","9","P0","mapped"
"robotics company","robotics-company","brand","general","/","homepage","global","very-high","9","P1","mapped"
"robotics company india","robotics-company","brand","general","/","homepage","india","very-high","9","P0","mapped"
"robotics company tamil nadu","robotics-company","local","general","/","homepage","tamil-nadu","very-high","9","P0","mapped"
"robotics company coimbatore","robotics-company","local","general","/","homepage","coimbatore","very-high","9","P0","mapped"
"robotics solutions company","robotics-company","commercial","general","/","homepage","global","very-high","9","P1","mapped"
"robotics engineering company","robotics-company","commercial","general","/","homepage","global","very-high","9","P1","mapped"
"robotics automation company","robotics-company","commercial","general","/services/robotics-automation","homepage","global","very-high","9","P0","mapped"
"robotics system integrator","robotics-company","commercial","general","/services/robotics-automation","homepage","global","very-high","9","P1","mapped"
"robotics service company","robotics-company","commercial","general","/services","homepage","global","very-high","9","P1","mapped"
"custom robotics company","robotics-company","commercial","general","/services/robotics-automation","homepage","global","very-high","9","P1","mapped"
"robotics development company","robotics-company","commercial","general","/services/engineering-rd","homepage","global","very-high","9","P1","mapped"
"robotics manufacturer india","robotics-company","commercial","general","/products","homepage","india","very-high","9","P0","mapped"
"robotics supplier india","robotics-company","commercial","general","/products","homepage","india","very-high","9","P0","mapped"
"robotics parts supplier","robotics-company","commercial","general","/products/robotics-components","homepage","global","very-high","9","P1","mapped"
"robotics parts supplier india","robotics-company","commercial","general","/products/robotics-components","homepage","india","very-high","9","P0","mapped"
"robotics products supplier","robotics-company","commercial","general","/products","homepage","global","very-high","9","P1","mapped"
"robotics products india","robotics-company","commercial","general","/products","homepage","india","very-high","9","P0","mapped"
"robotics products","robotics-company","commercial","general","/products","homepage","global","very-high","9","P1","mapped"
"tamil robotics company","robotics-company","brand","general","/","homepage","tamil-nadu","very-high","9","P0","mapped"
"tamizh tech","robotics-company","brand","general","/","homepage","global","very-high","9","P0","mapped"
"tamizh tech robotics","robotics-company","brand","general","/","homepage","global","very-high","9","P0","mapped"
"tamizh tech robotics company","robotics-company","brand","general","/","homepage","global","very-high","9","P0","mapped"
"tamizh tech coimbatore","robotics-company","brand","general","/","homepage","coimbatore","very-high","9","P0","mapped"
"tamizh tech products","robotics-company","brand","general","/products","homepage","global","very-high","9","P0","mapped"
"tamizh tech competition robots","robotics-company","brand","general","/products/competition","homepage","global","very-high","9","P0","mapped"
"tamizh tech services","robotics-company","brand","general","/services","homepage","global","very-high","9","P0","mapped"
"robotics lab company india","robotics-company","commercial","general","/solutions/schools","homepage","india","very-high","9","P0","mapped"
"robotics startup coimbatore","robotics-company","local","general","/","homepage","coimbatore","very-high","9","P1","mapped"
"hardware startup coimbatore","robotics-company","local","general","/solutions/startups","homepage","coimbatore","very-high","9","P1","mapped"
"best robotics company coimbatore","robotics-company","local","general","/","homepage","coimbatore","very-high","9","P1","mapped"
"leading robotics company tamil nadu","robotics-company","local","general","/","homepage","tamil-nadu","very-high","9","P1","mapped"
"top robotics startup india","robotics-company","brand","general","/","homepage","india","very-high","9","P2","mapped"
"robotics technology company india","robotics-company","brand","general","/","homepage","india","very-high","9","P1","mapped"
"robotics consulting company","robotics-company","commercial","general","/services","homepage","global","very-high","9","P2","mapped"
"robotics hardware manufacturers coimbatore","robotics-company","local","general","/products","homepage","coimbatore","very-high","9","P0","mapped"
"commercial robotics company","robotics-company","commercial","general","/","homepage","global","very-high","9","P1","mapped"
"robotics engineering services india","robotics-company","commercial","general","/services","homepage","india","very-high","9","P1","mapped"
"robotics r&d firm coimbatore","robotics-company","local","general","/services/engineering-rd","homepage","coimbatore","very-high","9","P1","mapped"
"mechatronics engineering company india","robotics-company","commercial","general","/","homepage","india","very-high","9","P1","mapped"
"robotics components","robotics-components","commercial","students-colleges","/products/robotics-components","product","global","high","8","P0","mapped"
"robotics components india","robotics-components","commercial","students-colleges","/products/robotics-components","product","india","high","8","P0","mapped"
"robotics parts","robotics-components","commercial","students-colleges","/products/robotics-components","product","global","high","8","P1","mapped"
"robot electronics","robotics-components","commercial","students-colleges","/products/robotics-components","product","global","high","8","P1","mapped"
"robot motors","robot-motors","commercial","students-colleges","/products/robotics-components","product","global","high","8","P0","mapped"
"robotics motors","robot-motors","commercial","students-colleges","/products/robotics-components","product","global","high","8","P0","mapped"
"robot motor","robot-motors","commercial","students-colleges","/products/robotics-components","product","global","high","8","P1","mapped"
"geared dc motor","robot-motors","commercial","students-colleges","/products/robotics-components","product","global","high","8","P0","mapped"
"dc geared motor","robot-motors","commercial","students-colleges","/products/robotics-components","product","global","high","8","P0","mapped"
"high torque dc geared motor","robot-motors","commercial","students-colleges","/products/robotics-components","product","global","high","8","P1","mapped"
"12v dc geared motor","robot-motors","commercial","students-colleges","/products/robotics-components","product","global","high","8","P1","mapped"
"metal gearbox dc motor","robot-motors","commercial","students-colleges","/products/robotics-components","product","global","high","8","P1","mapped"
"300rpm geared dc motor","robot-motors","commercial","students-colleges","/products/robotics-components/ttrc-dgj-300rpm","product","global","high","8","P0","mapped"
"300 rpm geared motor","robot-motors","commercial","students-colleges","/products/robotics-components/ttrc-dgj-300rpm","product","global","high","8","P0","mapped"
"300 rpm motor for robot","robot-motors","commercial","students-colleges","/products/robotics-components/ttrc-dgj-300rpm","product","global","high","8","P1","mapped"
"600rpm geared dc motor","robot-motors","commercial","students-colleges","/products/robotics-components/ttrc-dgj-600rpm","product","global","high","8","P0","mapped"
"600 rpm geared motor","robot-motors","commercial","students-colleges","/products/robotics-components/ttrc-dgj-600rpm","product","global","high","8","P0","mapped"
"600 rpm high speed motor for robo race","robot-motors","commercial","students-colleges","/products/robotics-components/ttrc-dgj-600rpm","product","global","high","8","P0","mapped"
"robot wheels","robot-wheels","commercial","students-colleges","/products/robotics-components","product","global","high","8","P0","mapped"
"robotics wheels","robot-wheels","commercial","students-colleges","/products/robotics-components","product","global","high","8","P0","mapped"
"buggy wheels","robot-wheels","commercial","students-colleges","/products/robotics-components","product","global","high","8","P1","mapped"
"robot buggy wheels india","robot-wheels","commercial","students-colleges","/products/robotics-components","product","india","high","8","P1","mapped"
"112mm buggy wheel","robot-wheels","commercial","students-colleges","/products/robotics-components/112mm-buggy-wheel","product","global","high","8","P0","mapped"
"112mm robot wheel","robot-wheels","commercial","students-colleges","/products/robotics-components/112mm-buggy-wheel","product","global","high","8","P0","mapped"
"100mm buggy wheel","robot-wheels","commercial","students-colleges","/products/robotics-components/100mm-buggy-wheel","product","global","high","8","P0","mapped"
"100mm robot wheel","robot-wheels","commercial","students-colleges","/products/robotics-components/100mm-buggy-wheel","product","global","high","8","P0","mapped"
"80mm robot wheel","robot-wheels","commercial","students-colleges","/products/robotics-components/ttrc-hd-80mm-wheel","product","global","high","8","P1","mapped"
"heavy duty robot wheel","robot-wheels","commercial","students-colleges","/products/robotics-components/ttrc-hd-80mm-wheel","product","global","high","8","P1","mapped"
"high grip rubber tyre for robot","robot-wheels","commercial","students-colleges","/products/robotics-components/112mm-buggy-wheel","product","global","high","8","P1","mapped"
"robot wheels with hex coupling","robot-wheels","commercial","students-colleges","/products/robotics-components","product","global","high","8","P1","mapped"
"6mm shaft robot wheel","robot-wheels","commercial","students-colleges","/products/robotics-components","product","global","high","8","P1","mapped"
"robot chassis","robotics-components","commercial","students-colleges","/products/robotics-components","product","global","high","8","P0","mapped"
"metal robot chassis","robotics-components","commercial","students-colleges","/products/robotics-components","product","global","high","8","P1","mapped"
"4wd robot chassis","robotics-components","commercial","students-colleges","/products/robotics-components","product","global","high","8","P1","mapped"
"acrylic robot chassis","robotics-components","commercial","students-colleges","/products/robotics-components","product","global","high","8","P2","mapped"
"robot gearbox","robotics-components","commercial","students-colleges","/products/robotics-components","product","global","high","8","P2","mapped"
"robot controller","radio-controllers","commercial","students-colleges","/products/radio-controllers","product","global","high","8","P0","mapped"
"rc transmitter","radio-controllers","commercial","students-colleges","/products/radio-controllers","product","global","high","8","P0","mapped"
"rc transmitter and receiver","radio-controllers","commercial","students-colleges","/products/radio-controllers","product","global","high","8","P0","mapped"
"2.4ghz rc transmitter india","radio-controllers","commercial","students-colleges","/products/radio-controllers","product","india","high","8","P1","mapped"
"6 channel rc transmitter","radio-controllers","commercial","students-colleges","/products/radio-controllers/flysky-fs-i6-2.4g-6ch","product","global","high","8","P1","mapped"
"10 channel rc transmitter","radio-controllers","commercial","students-colleges","/products/radio-controllers/flysky-fs-i6x-2.4ghz-6ch-afhds-2a-rc-transmitter-with-fs-ia10b-2.4ghz-10ch-receiver","product","global","high","8","P1","mapped"
"flysky transmitter india","radio-controllers","commercial","students-colleges","/products/radio-controllers","product","india","high","8","P0","mapped"
"flysky receiver india","radio-controllers","commercial","students-colleges","/products/radio-controllers","product","india","high","8","P1","mapped"
"robot sensors","robotics-components","commercial","students-colleges","/products/robotics-components","product","global","high","8","P1","mapped"
"ultrasonic sensor for robot","robotics-components","commercial","students-colleges","/products/robotics-components","product","global","high","8","P2","mapped"
"ir sensor array line follower","robotics-components","commercial","students-colleges","/products/competition/ttrc-lf-5-0","product","global","high","8","P1","mapped"
"qtr 8a line sensor india","robotics-components","commercial","students-colleges","/products/competition/ttrc-lf-5-0","product","india","high","8","P1","mapped"
"motor driver for robotics","robotics-components","commercial","students-colleges","/products/robotics-components","product","global","high","8","P1","mapped"
"dual dc motor driver 10a","robotics-components","commercial","students-colleges","/products/robotics-components","product","global","high","8","P1","mapped"
"smart robot controller board","robotics-components","commercial","students-colleges","/products/radio-controllers","product","global","high","8","P1","mapped"
"lipo battery for robotics","robotics-components","commercial","students-colleges","/products/robotics-components","product","global","high","8","P1","mapped"
"robotics hardware shop coimbatore","robotics-components","local","students-colleges","/products/robotics-components","product","coimbatore","high","8","P0","mapped"
"buy robotics parts online india","robotics-components","commercial","students-colleges","/products/robotics-components","product","india","high","8","P0","mapped"
"heavy duty geared motor 12v","robot-motors","commercial","students-colleges","/products/robotics-components","product","global","high","8","P1","mapped"
"encoder motor for robotics","robot-motors","commercial","students-colleges","/products/robotics-components","product","global","high","8","P2","mapped"
"planetary geared motor for robot","robot-motors","commercial","students-colleges","/products/robotics-components","product","global","high","8","P2","mapped"
"omni wheels robotics india","robot-wheels","commercial","students-colleges","/products/robotics-components","product","india","high","8","P2","mapped"
"mecanum wheels india","robot-wheels","commercial","students-colleges","/products/robotics-components","product","india","high","8","P2","mapped"
"silicone wheel for line follower","robot-wheels","commercial","students-colleges","/products/robotics-components","product","global","high","8","P1","mapped"
"robot brass hex coupling 6mm","robot-wheels","commercial","students-colleges","/products/robotics-components","product","global","high","8","P1","mapped"
"ttrc lf 5.0","ttrc-lf-5-0","commercial","students-colleges","/products/competition/ttrc-lf-5-0","product","global","very-high","10","P0","mapped"
"ttrc lf 5.0 price","ttrc-lf-5-0","transactional","students-colleges","/products/competition/ttrc-lf-5-0","product","global","very-high","10","P0","mapped"
"ttrc lf 5.0 line follower","ttrc-lf-5-0","commercial","students-colleges","/products/competition/ttrc-lf-5-0","product","global","very-high","10","P0","mapped"
"ttrc lf 5.0 line follower robot kit","ttrc-lf-5-0","commercial","students-colleges","/products/competition/ttrc-lf-5-0","product","global","very-high","10","P0","mapped"
"ttrc lf 5.0 specifications","ttrc-lf-5-0","informational","students-colleges","/products/competition/ttrc-lf-5-0","product","global","very-high","10","P1","mapped"
"ttrc lf 5.0 india","ttrc-lf-5-0","commercial","students-colleges","/products/competition/ttrc-lf-5-0","product","india","very-high","10","P1","mapped"
"pid line follower robot ttrc lf 5.0","ttrc-lf-5-0","commercial","students-colleges","/products/competition/ttrc-lf-5-0","product","global","very-high","10","P1","mapped"
"ttrc rr-5.0","ttrc-rr-5-0","commercial","students-colleges","/products/competition/rc-robo-race","product","global","very-high","10","P0","mapped"
"ttrc rr-5.0 price","ttrc-rr-5-0","transactional","students-colleges","/products/competition/rc-robo-race","product","global","very-high","10","P0","mapped"
"ttrc rr-5.0 robo race robot","ttrc-rr-5-0","commercial","students-colleges","/products/competition/rc-robo-race","product","global","very-high","10","P0","mapped"
"ttrc rr-5.0 robo race robot kit","ttrc-rr-5-0","commercial","students-colleges","/products/competition/rc-robo-race","product","global","very-high","10","P0","mapped"
"ttrc rr-5.0 specifications","ttrc-rr-5-0","informational","students-colleges","/products/competition/rc-robo-race","product","global","very-high","10","P1","mapped"
"ttrc rr-5.0 robo race car india","ttrc-rr-5-0","commercial","students-colleges","/products/competition/rc-robo-race","product","india","very-high","10","P1","mapped"
"ttrc rs-5.0","ttrc-rs-5-0","commercial","students-colleges","/products/competition/rc-robo-soccer","product","global","very-high","10","P0","mapped"
"ttrc rs-5.0 price","ttrc-rs-5-0","transactional","students-colleges","/products/competition/rc-robo-soccer","product","global","very-high","10","P0","mapped"
"ttrc rs-5.0 robo soccer robot","ttrc-rs-5-0","commercial","students-colleges","/products/competition/rc-robo-soccer","product","global","very-high","10","P0","mapped"
"ttrc rs-5.0 robo soccer robot kit","ttrc-rs-5-0","commercial","students-colleges","/products/competition/rc-robo-soccer","product","global","very-high","10","P0","mapped"
"ttrc rs-5.0 kicker robot","ttrc-rs-5-0","commercial","students-colleges","/products/competition/rc-robo-soccer","product","global","very-high","10","P1","mapped"
"ttrc rs-5.0 specifications","ttrc-rs-5-0","informational","students-colleges","/products/competition/rc-robo-soccer","product","global","very-high","10","P1","mapped"
"the boxing bot","boxing-bot","commercial","students-colleges","/products/educational-robotics/boxing-bot","product","global","very-high","10","P0","mapped"
"the boxing bot price","boxing-bot","transactional","students-colleges","/products/educational-robotics/boxing-bot","product","global","very-high","10","P0","mapped"
"the boxing bot educational robot","boxing-bot","commercial","students-colleges","/products/educational-robotics/boxing-bot","product","global","very-high","10","P0","mapped"
"the boxing bot fighting robot kit","boxing-bot","commercial","students-colleges","/products/educational-robotics/boxing-bot","product","global","very-high","10","P1","mapped"
"the boxing bot tamizh tech","boxing-bot","brand","students-colleges","/products/educational-robotics/boxing-bot","product","global","very-high","10","P0","mapped"
"the boxing bot stem kit india","boxing-bot","commercial","students-colleges","/products/educational-robotics/boxing-bot","product","india","very-high","10","P1","mapped"
"flysky fs-i6x","flysky-fsi6x","commercial","students-colleges","/products/radio-controllers/flysky-fs-i6x-2.4ghz-6ch-afhds-2a-rc-transmitter-with-fs-ia10b-2.4ghz-10ch-receiver","product","global","very-high","10","P0","mapped"
"flysky fs-i6x price","flysky-fsi6x","transactional","students-colleges","/products/radio-controllers/flysky-fs-i6x-2.4ghz-6ch-afhds-2a-rc-transmitter-with-fs-ia10b-2.4ghz-10ch-receiver","product","global","very-high","10","P0","mapped"
"flysky fs-i6x transmitter with fs-ia10b receiver","flysky-fsi6x","commercial","students-colleges","/products/radio-controllers/flysky-fs-i6x-2.4ghz-6ch-afhds-2a-rc-transmitter-with-fs-ia10b-2.4ghz-10ch-receiver","product","global","very-high","10","P0","mapped"
"flysky fs-i6x 10 channel rc transmitter","flysky-fsi6x","commercial","students-colleges","/products/radio-controllers/flysky-fs-i6x-2.4ghz-6ch-afhds-2a-rc-transmitter-with-fs-ia10b-2.4ghz-10ch-receiver","product","global","very-high","10","P1","mapped"
"flysky fs-i6x india buy","flysky-fsi6x","transactional","students-colleges","/products/radio-controllers/flysky-fs-i6x-2.4ghz-6ch-afhds-2a-rc-transmitter-with-fs-ia10b-2.4ghz-10ch-receiver","product","india","very-high","10","P1","mapped"
"flysky fs-i6","flysky-fsi6","commercial","students-colleges","/products/radio-controllers/flysky-fs-i6-2.4g-6ch","product","global","very-high","10","P0","mapped"
"flysky fs-i6 price","flysky-fsi6","transactional","students-colleges","/products/radio-controllers/flysky-fs-i6-2.4g-6ch","product","global","very-high","10","P0","mapped"
"flysky fs-i6 with fs-ia6 receiver","flysky-fsi6","commercial","students-colleges","/products/radio-controllers/flysky-fs-i6-2.4g-6ch","product","global","very-high","10","P0","mapped"
"flysky fs-i6 6ch rc transmitter","flysky-fsi6","commercial","students-colleges","/products/radio-controllers/flysky-fs-i6-2.4g-6ch","product","global","very-high","10","P1","mapped"
"flysky fs-i6 india price","flysky-fsi6","transactional","students-colleges","/products/radio-controllers/flysky-fs-i6-2.4g-6ch","product","india","very-high","10","P1","mapped"
"flysky fs-i6s","flysky-fsi6s","commercial","students-colleges","/products/radio-controllers/flysky-fs-i6s-2.4g-10ch-afhds-transmitter-with-fs-ia10b-10ch-receiver","product","global","very-high","10","P0","mapped"
"flysky fs-i6s price","flysky-fsi6s","transactional","students-colleges","/products/radio-controllers/flysky-fs-i6s-2.4g-10ch-afhds-transmitter-with-fs-ia10b-10ch-receiver","product","global","very-high","10","P0","mapped"
"flysky fs-i6s touchscreen transmitter","flysky-fsi6s","commercial","students-colleges","/products/radio-controllers/flysky-fs-i6s-2.4g-10ch-afhds-transmitter-with-fs-ia10b-10ch-receiver","product","global","very-high","10","P1","mapped"
"flysky fs-i6s with fs-ia10b receiver","flysky-fsi6s","commercial","students-colleges","/products/radio-controllers/flysky-fs-i6s-2.4g-10ch-afhds-transmitter-with-fs-ia10b-10ch-receiver","product","global","very-high","10","P0","mapped"
"flysky fs-ct6b","flysky-fsct6b","commercial","students-colleges","/products/radio-controllers/flysky-fs-ct6b-2.4g-6ch-radio-set-system-with-rx-fs-r6b-receiver","product","global","very-high","10","P0","mapped"
"flysky fs-ct6b price","flysky-fsct6b","transactional","students-colleges","/products/radio-controllers/flysky-fs-ct6b-2.4g-6ch-radio-set-system-with-rx-fs-r6b-receiver","product","global","very-high","10","P0","mapped"
"flysky fs-ct6b with fs-r6b receiver","flysky-fsct6b","commercial","students-colleges","/products/radio-controllers/flysky-fs-ct6b-2.4g-6ch-radio-set-system-with-rx-fs-r6b-receiver","product","global","very-high","10","P0","mapped"
"flysky fs-ct6b 6 channel radio system","flysky-fsct6b","commercial","students-colleges","/products/radio-controllers/flysky-fs-ct6b-2.4g-6ch-radio-set-system-with-rx-fs-r6b-receiver","product","global","very-high","10","P1","mapped"
"112mm buggy wheel price","112mm-wheel","transactional","students-colleges","/products/robotics-components/112mm-buggy-wheel","product","global","very-high","10","P0","mapped"
"112mm robot wheel with 6mm coupling","112mm-wheel","commercial","students-colleges","/products/robotics-components/112mm-buggy-wheel","product","global","very-high","10","P0","mapped"
"112mm rubber tyre robot wheel","112mm-wheel","commercial","students-colleges","/products/robotics-components/112mm-buggy-wheel","product","global","very-high","10","P1","mapped"
"robo race 112mm buggy wheel india","112mm-wheel","commercial","students-colleges","/products/robotics-components/112mm-buggy-wheel","product","india","very-high","10","P1","mapped"
"100mm buggy wheel price","100mm-wheel","transactional","students-colleges","/products/robotics-components/100mm-buggy-wheel","product","global","very-high","10","P0","mapped"
"100mm robot wheel with hex coupling","100mm-wheel","commercial","students-colleges","/products/robotics-components/100mm-buggy-wheel","product","global","very-high","10","P0","mapped"
"100mm offroad robot wheel","100mm-wheel","commercial","students-colleges","/products/robotics-components/100mm-buggy-wheel","product","global","very-high","10","P1","mapped"
"ttrc hd 80mm wheel","80mm-wheel","commercial","students-colleges","/products/robotics-components/ttrc-hd-80mm-wheel","product","global","very-high","10","P0","mapped"
"ttrc hd 80mm wheel price","80mm-wheel","transactional","students-colleges","/products/robotics-components/ttrc-hd-80mm-wheel","product","global","very-high","10","P0","mapped"
"heavy duty 80mm robot wheel","80mm-wheel","commercial","students-colleges","/products/robotics-components/ttrc-hd-80mm-wheel","product","global","very-high","10","P0","mapped"
"ttrc 80mm competition wheel","80mm-wheel","commercial","students-colleges","/products/robotics-components/ttrc-hd-80mm-wheel","product","global","very-high","10","P1","mapped"
"ttrc dgj 300rpm","ttrc-dgj-300rpm","commercial","students-colleges","/products/robotics-components/ttrc-dgj-300rpm","product","global","very-high","10","P0","mapped"
"ttrc dgj 300rpm price","ttrc-dgj-300rpm","transactional","students-colleges","/products/robotics-components/ttrc-dgj-300rpm","product","global","very-high","10","P0","mapped"
"ttrc dgj 300rpm dc geared motor","ttrc-dgj-300rpm","commercial","students-colleges","/products/robotics-components/ttrc-dgj-300rpm","product","global","very-high","10","P0","mapped"
"ttrc dgj 300rpm specifications","ttrc-dgj-300rpm","informational","students-colleges","/products/robotics-components/ttrc-dgj-300rpm","product","global","very-high","10","P1","mapped"
"300rpm dc motor ₹650","ttrc-dgj-300rpm","transactional","students-colleges","/products/robotics-components/ttrc-dgj-300rpm","product","india","very-high","10","P1","mapped"
"high torque 300rpm motor for robo soccer","ttrc-dgj-300rpm","commercial","students-colleges","/products/robotics-components/ttrc-dgj-300rpm","product","global","very-high","10","P0","mapped"
"ttrc dgj 600rpm","ttrc-dgj-600rpm","commercial","students-colleges","/products/robotics-components/ttrc-dgj-600rpm","product","global","very-high","10","P0","mapped"
"ttrc dgj 600rpm price","ttrc-dgj-600rpm","transactional","students-colleges","/products/robotics-components/ttrc-dgj-600rpm","product","global","very-high","10","P0","mapped"
"ttrc dgj 600rpm dc geared motor","ttrc-dgj-600rpm","commercial","students-colleges","/products/robotics-components/ttrc-dgj-600rpm","product","global","very-high","10","P0","mapped"
"ttrc dgj 600rpm specifications","ttrc-dgj-600rpm","informational","students-colleges","/products/robotics-components/ttrc-dgj-600rpm","product","global","very-high","10","P1","mapped"
"600rpm dc motor ₹700","ttrc-dgj-600rpm","transactional","students-colleges","/products/robotics-components/ttrc-dgj-600rpm","product","india","very-high","10","P1","mapped"
"high speed 600rpm motor for robo race","ttrc-dgj-600rpm","commercial","students-colleges","/products/robotics-components/ttrc-dgj-600rpm","product","global","very-high","10","P0","mapped"
"3d printing service","3d-printing-services","commercial","b2b-industries","/services/3d-printing","service","global","very-high","9","P0","mapped"
"3d printing coimbatore","3d-printing-services","local","b2b-industries","/services/3d-printing","service","coimbatore","very-high","9","P0","mapped"
"3d printing for robotics","3d-printing-services","commercial","b2b-industries","/services/3d-printing","service","global","very-high","9","P0","mapped"
"3d printed robot parts","3d-printing-services","commercial","b2b-industries","/services/3d-printing","service","global","very-high","9","P0","mapped"
"3d printing services tamil nadu","3d-printing-services","local","b2b-industries","/services/3d-printing","service","tamil-nadu","very-high","9","P1","mapped"
"rapid 3d prototyping coimbatore","3d-printing-services","local","b2b-industries","/services/3d-printing","service","coimbatore","very-high","9","P1","mapped"
"custom 3d printing service india","3d-printing-services","commercial","b2b-industries","/services/3d-printing","service","india","very-high","9","P1","mapped"
"industrial 3d printing service","3d-printing-services","commercial","b2b-industries","/services/3d-printing","service","global","very-high","9","P1","mapped"
"fdm 3d printing service coimbatore","3d-printing-services","local","b2b-industries","/services/3d-printing","service","coimbatore","very-high","9","P1","mapped"
"sla resin 3d printing coimbatore","3d-printing-services","local","b2b-industries","/services/3d-printing","service","coimbatore","very-high","9","P1","mapped"
"laser cutting service","laser-cutting-services","commercial","b2b-industries","/services/laser-cutting","service","global","very-high","9","P0","mapped"
"laser cutting service coimbatore","laser-cutting-services","local","b2b-industries","/services/laser-cutting","service","coimbatore","very-high","9","P0","mapped"
"laser cutting for robotics","laser-cutting-services","commercial","b2b-industries","/services/laser-cutting","service","global","very-high","9","P1","mapped"
"robot chassis laser cutting","laser-cutting-services","commercial","b2b-industries","/services/laser-cutting","service","global","very-high","9","P0","mapped"
"acrylic laser cutting coimbatore","laser-cutting-services","local","b2b-industries","/services/laser-cutting","service","coimbatore","very-high","9","P1","mapped"
"sheet metal laser cutting coimbatore","laser-cutting-services","local","b2b-industries","/services/laser-cutting","service","coimbatore","very-high","9","P1","mapped"
"custom robot chassis cutting","laser-cutting-services","commercial","b2b-industries","/services/laser-cutting","service","global","very-high","9","P1","mapped"
"laser cutting job work coimbatore","laser-cutting-services","local","b2b-industries","/services/laser-cutting","service","coimbatore","very-high","9","P1","mapped"
"pcb design service","pcb-services","commercial","b2b-industries","/services/pcb-design","service","global","very-high","9","P0","mapped"
"pcb design service coimbatore","pcb-services","local","b2b-industries","/services/pcb-design","service","coimbatore","very-high","9","P0","mapped"
"pcb fabrication and assembly","pcb-services","commercial","b2b-industries","/services/pcb-design","service","global","very-high","9","P0","mapped"
"pcb assembly service india","pcb-services","commercial","b2b-industries","/services/pcb-design","service","india","very-high","9","P0","mapped"
"robotics pcb design","pcb-services","commercial","b2b-industries","/services/pcb-design","service","global","very-high","9","P1","mapped"
"custom circuit board design coimbatore","pcb-services","local","b2b-industries","/services/pcb-design","service","coimbatore","very-high","9","P1","mapped"
"pcba prototyping service","pcb-services","commercial","b2b-industries","/services/pcb-design","service","global","very-high","9","P1","mapped"
"smd pcb assembly service coimbatore","pcb-services","local","b2b-industries","/services/pcb-design","service","coimbatore","very-high","9","P1","mapped"
"turnkey pcb assembly india","pcb-services","commercial","b2b-industries","/services/pcb-design","service","india","very-high","9","P1","mapped"
"multilayer pcb design service","pcb-services","commercial","b2b-industries","/services/pcb-design","service","global","very-high","9","P1","mapped"
"robotics automation services","robotics-automation-services","commercial","b2b-industries","/services/robotics-automation","service","global","very-high","9","P0","mapped"
"custom robotics solutions","robotics-automation-services","commercial","b2b-industries","/services/robotics-automation","service","global","very-high","9","P1","mapped"
"custom robot development company","robotics-automation-services","commercial","b2b-industries","/services/robotics-automation","service","global","very-high","9","P1","mapped"
"robotics engineering services coimbatore","robotics-automation-services","local","b2b-industries","/services/robotics-automation","service","coimbatore","very-high","9","P1","mapped"
"robot arm integration service","robotics-automation-services","commercial","b2b-industries","/services/robotics-automation","service","global","very-high","9","P1","mapped"
"automated guided vehicle agv development","robotics-automation-services","commercial","b2b-industries","/services/robotics-automation","service","global","very-high","9","P1","mapped"
"custom gripper design robotics","robotics-automation-services","commercial","b2b-industries","/services/robotics-automation","service","global","very-high","9","P2","mapped"
"industrial automation company","industrial-automation-services","commercial","b2b-industries","/services/industrial-automation","service","global","very-high","9","P0","mapped"
"industrial automation coimbatore","industrial-automation-services","local","b2b-industries","/services/industrial-automation","service","coimbatore","very-high","9","P0","mapped"
"industrial automation services india","industrial-automation-services","commercial","b2b-industries","/services/industrial-automation","service","india","very-high","9","P0","mapped"
"plc automation company","industrial-automation-services","commercial","b2b-industries","/services/industrial-automation","service","global","very-high","9","P1","mapped"
"plc programming services coimbatore","industrial-automation-services","local","b2b-industries","/services/industrial-automation","service","coimbatore","very-high","9","P1","mapped"
"scada automation company","industrial-automation-services","commercial","b2b-industries","/services/industrial-automation","service","global","very-high","9","P1","mapped"
"scada systems integration coimbatore","industrial-automation-services","local","b2b-industries","/services/industrial-automation","service","coimbatore","very-high","9","P1","mapped"
"industrial control panel manufacturing coimbatore","industrial-automation-services","local","b2b-industries","/services/industrial-automation","service","coimbatore","very-high","9","P1","mapped"
"factory automation solutions","industrial-automation-services","commercial","b2b-industries","/services/industrial-automation","service","global","very-high","9","P1","mapped"
"machine automation services coimbatore","industrial-automation-services","local","b2b-industries","/services/industrial-automation","service","coimbatore","very-high","9","P1","mapped"
"embedded systems development service","embedded-iot-services","commercial","b2b-industries","/services/embedded-iot","service","global","very-high","9","P1","mapped"
"embedded software development coimbatore","embedded-iot-services","local","b2b-industries","/services/embedded-iot","service","coimbatore","very-high","9","P1","mapped"
"iot solutions company","embedded-iot-services","commercial","b2b-industries","/services/embedded-iot","service","global","very-high","9","P1","mapped"
"iot hardware prototyping coimbatore","embedded-iot-services","local","b2b-industries","/services/embedded-iot","service","coimbatore","very-high","9","P1","mapped"
"industrial iot sensor integration","embedded-iot-services","commercial","b2b-industries","/services/embedded-iot","service","global","very-high","9","P1","mapped"
"smart telemetry system development","embedded-iot-services","commercial","b2b-industries","/services/embedded-iot","service","global","very-high","9","P2","mapped"
"firmware development services india","embedded-iot-services","commercial","b2b-industries","/services/embedded-iot","service","india","very-high","9","P1","mapped"
"ai computer vision services","ai-vision-services","commercial","b2b-industries","/services/ai-vision","service","global","very-high","9","P1","mapped"
"machine vision inspection coimbatore","ai-vision-services","local","b2b-industries","/services/ai-vision","service","coimbatore","very-high","9","P1","mapped"
"industrial computer vision systems","ai-vision-services","commercial","b2b-industries","/services/ai-vision","service","global","very-high","9","P1","mapped"
"automated defect detection camera system","ai-vision-services","commercial","b2b-industries","/services/ai-vision","service","global","very-high","9","P1","mapped"
"robotics ai vision integration","ai-vision-services","commercial","b2b-industries","/services/ai-vision","service","global","very-high","9","P1","mapped"
"optical sorting automation india","ai-vision-services","commercial","b2b-industries","/services/ai-vision","service","india","very-high","9","P2","mapped"
"stem lab setup service","stem-lab-services","commercial","b2b-industries","/services/stem-lab-setup","service","global","very-high","9","P0","mapped"
"stem lab setup coimbatore","stem-lab-services","local","b2b-industries","/services/stem-lab-setup","service","coimbatore","very-high","9","P1","mapped"
"robotics lab setup turnkey solutions","stem-lab-services","commercial","b2b-industries","/services/stem-lab-setup","service","global","very-high","9","P0","mapped"
"robotics lab setup tamil nadu","stem-lab-services","local","b2b-industries","/services/stem-lab-setup","service","tamil-nadu","very-high","9","P1","mapped"
"engineering r&d services","rd-services","commercial","b2b-industries","/services/engineering-rd","service","global","very-high","9","P1","mapped"
"hardware product engineering coimbatore","rd-services","local","b2b-industries","/services/engineering-rd","service","coimbatore","very-high","9","P1","mapped"
"proof of concept development robotics","rd-services","commercial","b2b-industries","/services/engineering-rd","service","global","very-high","9","P1","mapped"
"mechatronics prototyping consultancy","rd-services","commercial","b2b-industries","/services/engineering-rd","service","global","very-high","9","P1","mapped"
"electro mechanical design services india","rd-services","commercial","b2b-industries","/services/engineering-rd","service","india","very-high","9","P1","mapped"
"industrial robotics","b2b-solutions","commercial","b2b-industries","/solutions/industries","solution","global","very-high","9","P1","mapped"
"robotics solutions for industries","b2b-solutions","commercial","b2b-industries","/solutions/industries","solution","global","very-high","9","P0","mapped"
"robotics system integration coimbatore","b2b-solutions","local","b2b-industries","/solutions/industries","solution","coimbatore","very-high","9","P0","mapped"
"factory automation company coimbatore","b2b-solutions","local","b2b-industries","/solutions/industries","solution","coimbatore","very-high","9","P1","mapped"
"custom machinery automation","b2b-solutions","commercial","b2b-industries","/solutions/industries","solution","global","very-high","9","P1","mapped"
"special purpose machine automation coimbatore","b2b-solutions","local","b2b-industries","/solutions/industries","solution","coimbatore","very-high","9","P1","mapped"
"warehouse automation robotics india","b2b-solutions","commercial","b2b-industries","/solutions/industries","solution","india","very-high","9","P1","mapped"
"material handling robotics system","b2b-solutions","commercial","b2b-industries","/solutions/industries","solution","global","very-high","9","P1","mapped"
"assembly line automation robotics","b2b-solutions","commercial","b2b-industries","/solutions/industries","solution","global","very-high","9","P1","mapped"
"packaging automation machine vision","b2b-solutions","commercial","b2b-industries","/solutions/industries","solution","global","very-high","9","P1","mapped"
"b2b robotics solutions india","b2b-solutions","commercial","b2b-industries","/solutions/industries","solution","india","very-high","9","P0","mapped"
"robotics system integrator india","b2b-solutions","commercial","b2b-industries","/solutions/industries","solution","india","very-high","9","P0","mapped"
"industrial robotics coimbatore","b2b-solutions","local","b2b-industries","/solutions/industries","solution","coimbatore","very-high","9","P1","mapped"
"automation engineering company india","b2b-solutions","commercial","b2b-industries","/solutions/industries","solution","india","very-high","9","P1","mapped"
"hardware prototyping for startups","b2b-solutions","commercial","b2b-industries","/solutions/startups","solution","global","very-high","9","P0","mapped"
"startup hardware incubator coimbatore","b2b-solutions","local","b2b-industries","/solutions/startups","solution","coimbatore","very-high","9","P1","mapped"
"hardware product engineering startup support","b2b-solutions","commercial","b2b-industries","/solutions/startups","solution","global","very-high","9","P1","mapped"
"turnkey hardware development for startups","b2b-solutions","commercial","b2b-industries","/solutions/startups","solution","global","very-high","9","P1","mapped"
"rapid prototyping lab for startups","b2b-solutions","commercial","b2b-industries","/solutions/startups","solution","global","very-high","9","P1","mapped"
"makerspace and prototyping lab coimbatore","b2b-solutions","local","students-colleges","/solutions/students-makers","solution","coimbatore","very-high","9","P1","mapped"
"maker lab robotics solutions","b2b-solutions","commercial","students-colleges","/solutions/students-makers","solution","global","very-high","9","P2","mapped"
"student hardware prototyping center","b2b-solutions","commercial","students-colleges","/solutions/students-makers","solution","global","very-high","9","P1","mapped"
"industrial iot gateway manufacturer india","b2b-solutions","commercial","b2b-industries","/solutions/industries","solution","india","very-high","9","P1","mapped"
"textile mill automation coimbatore","b2b-solutions","local","b2b-industries","/solutions/industries","solution","coimbatore","very-high","9","P1","mapped"
"foundry automation robotics coimbatore","b2b-solutions","local","b2b-industries","/solutions/industries","solution","coimbatore","very-high","9","P1","mapped"
"pump manufacturing automated testing coimbatore","b2b-solutions","local","b2b-industries","/solutions/industries","solution","coimbatore","very-high","9","P1","mapped"
"automotive component inspection system tamil nadu","b2b-solutions","local","b2b-industries","/solutions/industries","solution","tamil-nadu","very-high","9","P1","mapped"
"industrial pick and place robot system","b2b-solutions","commercial","b2b-industries","/solutions/industries","solution","global","very-high","9","P1","mapped"
"automated guided cart agc supplier india","b2b-solutions","commercial","b2b-industries","/solutions/industries","solution","india","very-high","9","P1","mapped"
"collaborative robot cobot integrator coimbatore","b2b-solutions","local","b2b-industries","/solutions/industries","solution","coimbatore","very-high","9","P1","mapped"
"custom test rig development company","b2b-solutions","commercial","b2b-industries","/services/engineering-rd","service","global","very-high","9","P1","mapped"
"mechatronics contract manufacturing india","b2b-solutions","commercial","b2b-industries","/services/engineering-rd","service","india","very-high","9","P1","mapped"
"industrial automation consultants tamil nadu","b2b-solutions","local","b2b-industries","/solutions/industries","solution","tamil-nadu","very-high","9","P1","mapped"
"smart factory solutions india","b2b-solutions","commercial","b2b-industries","/solutions/industries","solution","india","very-high","9","P1","mapped"
"industry 4.0 solutions coimbatore","b2b-solutions","local","b2b-industries","/solutions/industries","solution","coimbatore","very-high","9","P1","mapped"
"scada integration for manufacturing plants","b2b-solutions","commercial","b2b-industries","/solutions/industries","solution","global","very-high","9","P1","mapped"
"robotics production line retrofit","b2b-solutions","commercial","b2b-industries","/solutions/industries","solution","global","very-high","9","P1","mapped"
"industrial automation panel builders coimbatore","b2b-solutions","local","b2b-industries","/services/industrial-automation","service","coimbatore","very-high","9","P1","mapped"
"startup hardware mvp development india","b2b-solutions","commercial","b2b-industries","/solutions/startups","solution","india","very-high","9","P1","mapped"
"hardware engineering partner for tech startups","b2b-solutions","commercial","b2b-industries","/solutions/startups","solution","global","very-high","9","P1","mapped"
"electronic product commercialization india","b2b-solutions","commercial","b2b-industries","/solutions/startups","solution","india","very-high","9","P1","mapped"
"dfm design for manufacturing electronics india","b2b-solutions","commercial","b2b-industries","/solutions/startups","solution","india","very-high","9","P1","mapped"
"iot hardware accelerator tamil nadu","b2b-solutions","local","b2b-industries","/solutions/startups","solution","tamil-nadu","very-high","9","P2","mapped"
"embedded hardware partner for innovators","b2b-solutions","commercial","b2b-industries","/solutions/startups","solution","global","very-high","9","P2","mapped"
"industrial automation maintenance contract coimbatore","b2b-solutions","local","b2b-industries","/solutions/industries","solution","coimbatore","very-high","9","P2","mapped"
"plc retrofit and upgrade service","b2b-solutions","commercial","b2b-industries","/services/industrial-automation","service","global","very-high","9","P2","mapped"
"industrial robotic welding system integrator","b2b-solutions","commercial","b2b-industries","/solutions/industries","solution","global","very-high","9","P2","mapped"
"custom conveyor automation system","b2b-solutions","commercial","b2b-industries","/solutions/industries","solution","global","very-high","9","P2","mapped"
"end of arm tooling eoat design","b2b-solutions","commercial","b2b-industries","/solutions/industries","solution","global","very-high","9","P2","mapped"
"industrial automation project execution coimbatore","b2b-solutions","local","b2b-industries","/solutions/industries","solution","coimbatore","very-high","9","P1","mapped"
"robotics project","robotics-projects","informational","students-colleges","/projects","project","global","high","8","P1","mapped"
"robotics projects","robotics-projects","informational","students-colleges","/projects","project","global","high","8","P1","mapped"
"engineering robotics projects","robotics-projects","commercial","students-colleges","/projects","project","global","high","8","P0","mapped"
"engineering project kits","robotics-projects","commercial","students-colleges","/products","project","global","high","8","P1","mapped"
"robotics project ideas","robotics-projects","informational","students-colleges","/projects","project","global","high","8","P1","mapped"
"robotics projects for students","robotics-projects","commercial","students-colleges","/projects","project","global","high","8","P1","mapped"
"robotics projects for college","robotics-projects","commercial","students-colleges","/projects","project","global","high","8","P1","mapped"
"automation projects","robotics-projects","informational","students-colleges","/projects","project","global","high","8","P1","mapped"
"industrial automation projects","robotics-projects","commercial","students-colleges","/projects","project","global","high","8","P1","mapped"
"ai robotics projects","robotics-projects","informational","students-colleges","/projects","project","global","high","8","P1","mapped"
"computer vision robotics projects","robotics-projects","informational","students-colleges","/projects","project","global","high","8","P1","mapped"
"embedded robotics projects","robotics-projects","commercial","students-colleges","/projects","project","global","high","8","P1","mapped"
"robotics project topics","robotics-projects","informational","students-colleges","/projects","project","global","high","8","P1","mapped"
"robotics project concepts","robotics-projects","informational","students-colleges","/projects","project","global","high","8","P2","mapped"
"college robotics projects","robotics-projects","commercial","students-colleges","/projects","project","global","high","8","P1","mapped"
"school robotics projects","robotics-projects","educational","students-colleges","/projects","project","global","high","8","P2","mapped"
"engineering project development","robotics-projects","commercial","students-colleges","/services/engineering-rd","service","global","high","8","P1","mapped"
"final year robotics projects ece","robotics-projects","commercial","students-colleges","/projects","project","global","high","8","P1","mapped"
"final year robotics projects mechanical","robotics-projects","commercial","students-colleges","/projects","project","global","high","8","P1","mapped"
"final year robotics projects mechatronics","robotics-projects","commercial","students-colleges","/projects","project","global","high","8","P0","mapped"
"iot based robotics project ideas","robotics-projects","informational","students-colleges","/projects","project","global","high","8","P2","mapped"
"ros robot operating system projects","robotics-projects","informational","students-colleges","/projects","project","global","high","8","P2","mapped"
"autonomous mobile robot amr project","robotics-projects","commercial","students-colleges","/projects","project","global","high","8","P1","mapped"
"surveillance robot project with camera","robotics-projects","informational","students-colleges","/projects","project","global","high","8","P2","mapped"
"robotic arm project 4 dof","robotics-projects","informational","students-colleges","/projects","project","global","high","8","P2","mapped"
"obstacle avoidance robot project","robotics-projects","educational","students-colleges","/projects","project","global","high","8","P2","mapped"
"fire fighting robot project","robotics-projects","educational","students-colleges","/projects","project","global","high","8","P2","mapped"
"bluetooth controlled robot project","robotics-projects","educational","students-colleges","/projects","project","global","high","8","P2","mapped"
"voice controlled robot project","robotics-projects","educational","students-colleges","/projects","project","global","high","8","P2","mapped"
"agricultural robot project india","robotics-projects","informational","students-colleges","/projects","project","india","high","8","P2","mapped"
"drone project for engineering students","robotics-projects","commercial","students-colleges","/projects","project","global","high","8","P1","mapped"
"biped walking robot project","robotics-projects","informational","students-colleges","/projects","project","global","high","8","P2","mapped"
"cleaner robot project arduino","robotics-projects","educational","students-colleges","/projects","project","global","high","8","P2","mapped"
"mini project in robotics","robotics-projects","educational","students-colleges","/projects","project","global","high","8","P2","mapped"
"diploma robotics projects","robotics-projects","commercial","students-colleges","/projects","project","global","high","8","P2","mapped"
"engineering project guidance coimbatore","robotics-projects","local","students-colleges","/projects","project","coimbatore","high","8","P1","mapped"
"hardware project center coimbatore","robotics-projects","local","students-colleges","/projects","project","coimbatore","high","8","P1","mapped"
"embedded project training center coimbatore","robotics-projects","local","students-colleges","/projects","project","coimbatore","high","8","P1","mapped"
"custom robotics project consultancy","robotics-projects","commercial","students-colleges","/services/engineering-rd","service","global","high","8","P1","mapped"
"mechatronics final year project kits","robotics-projects","commercial","students-colleges","/projects","project","global","high","8","P1","mapped"
"innovative robotics project topics 2026","robotics-projects","informational","students-colleges","/projects","project","global","high","8","P2","mapped"
"robotics products coimbatore","local-intent","local","general","/products","product","coimbatore","very-high","9","P0","mapped"
"robotics competition coimbatore","local-intent","local","general","/events","solution","coimbatore","high","9","P1","mapped"
"laser cutting coimbatore","local-intent","local","general","/services/laser-cutting","service","coimbatore","very-high","9","P0","mapped"
"pcb design coimbatore","local-intent","local","general","/services/pcb-design","service","coimbatore","very-high","9","P0","mapped"
"stem lab coimbatore","local-intent","local","general","/solutions/schools","solution","coimbatore","high","9","P1","mapped"
"robotics lab setup coimbatore","local-intent","local","general","/solutions/schools","solution","coimbatore","high","9","P1","mapped"
"robotics events coimbatore","local-intent","local","general","/events","solution","coimbatore","high","9","P1","mapped"
"robotics events tamil nadu","local-intent","local","general","/events","solution","tamil-nadu","high","9","P1","mapped"
"stem robotics tamil nadu","local-intent","local","general","/solutions/schools","solution","tamil-nadu","high","9","P1","mapped"
"industrial automation tamil nadu","local-intent","local","general","/services/industrial-automation","service","tamil-nadu","high","9","P1","mapped"
"robotics company chennai","local-intent","local","general","/","homepage","tamil-nadu","high","9","P2","mapped"
"robotics kit supplier chennai","local-intent","local","general","/products","product","tamil-nadu","high","9","P2","mapped"
"robotics training chennai","local-intent","local","general","/learn/engineering-students","solution","tamil-nadu","high","9","P2","mapped"
"robotics company bangalore","local-intent","local","general","/","homepage","india","high","9","P2","mapped"
"robotics kit supplier bangalore","local-intent","local","general","/products","product","india","high","9","P2","mapped"
"robotics training bangalore","local-intent","local","general","/learn/engineering-students","solution","india","high","9","P2","mapped"
"robotics company madurai","local-intent","local","general","/","homepage","tamil-nadu","high","9","P2","mapped"
"robotics training madurai","local-intent","local","general","/learn/engineering-students","solution","tamil-nadu","high","9","P2","mapped"
"robotics company trichy","local-intent","local","general","/","homepage","tamil-nadu","high","9","P2","mapped"
"robotics training trichy","local-intent","local","general","/learn/engineering-students","solution","tamil-nadu","high","9","P2","mapped"
"robotics company salem","local-intent","local","general","/","homepage","tamil-nadu","high","9","P2","mapped"
"robotics training salem","local-intent","local","general","/learn/engineering-students","solution","tamil-nadu","high","9","P2","mapped"
"robotics company hyderabad","local-intent","local","general","/","homepage","india","high","9","P2","mapped"
"robotics company mumbai","local-intent","local","general","/","homepage","india","high","9","P2","mapped"
"what is a robo soccer robot?","aeo-questions","informational","general","/events/competition/robo-soccer","event-guide","global","high","8","P1","mapped"
"what is a robo race robot?","aeo-questions","informational","general","/events/competition/robo-race","event-guide","global","high","8","P1","mapped"
"how does a line follower robot work?","aeo-questions","informational","general","/events/competition/line-follower","event-guide","global","high","8","P1","mapped"
"what is a robotics competition kit?","aeo-questions","informational","general","/products/competition","product","global","high","8","P1","mapped"
"what components are needed for a robo race robot?","aeo-questions","informational","general","/events/competition/robo-race","event-guide","global","high","8","P1","mapped"
"what motor is used in a line follower robot?","aeo-questions","informational","general","/products/competition/ttrc-lf-5-0","product","global","high","8","P1","mapped"
"how do you prepare for a robotics competition?","aeo-questions","informational","general","/events/competition/general-robotics","event-guide","global","high","8","P1","mapped"
"what is stem robotics?","aeo-questions","informational","general","/learn/school-students","solution","global","high","8","P1","mapped"
"what is a robotics lab?","aeo-questions","informational","general","/solutions/schools","solution","global","high","8","P1","mapped"
"what is a plc automation system?","aeo-questions","informational","general","/services/industrial-automation","service","global","high","8","P1","mapped"
"how does 3d printing help robotics?","aeo-questions","informational","general","/services/3d-printing","service","global","high","8","P1","mapped"
"what is pcb assembly?","aeo-questions","informational","general","/services/pcb-design","service","global","high","8","P1","mapped"
"what is the difference between 300rpm and 600rpm motors?","aeo-questions","informational","general","/products/robotics-components/ttrc-dgj-300rpm","product","global","high","8","P1","mapped"
"what is a pid controller in robotics?","aeo-questions","informational","general","/events/competition/line-follower","event-guide","global","high","8","P1","mapped"
"what is the best motor driver for a robo soccer robot?","aeo-questions","informational","general","/products/competition/rc-robo-soccer","product","global","high","8","P1","mapped"
"how much does a line follower robot kit cost in india?","aeo-questions","informational","general","/products/competition/ttrc-lf-5-0","product","india","high","8","P1","mapped"
"what is the price of a robo soccer robot in india?","aeo-questions","informational","general","/products/competition/rc-robo-soccer","product","india","high","8","P1","mapped"
"what is the price of a robo race robot kit in india?","aeo-questions","informational","general","/products/competition/rc-robo-race","product","india","high","8","P1","mapped"
"what frequency do competition rc robots use?","aeo-questions","informational","general","/products/radio-controllers","product","global","high","8","P1","mapped"
"what battery is best for competition robots?","aeo-questions","informational","general","/products/competition","product","global","high","8","P1","mapped"
"what is robo war combat robotics?","aeo-questions","informational","general","/events/competition/robo-war","event-guide","global","high","8","P1","mapped"
"what is robo sumo wrestling?","aeo-questions","informational","general","/events/competition/robo-sumo","event-guide","global","high","8","P1","mapped"
"what is a micromouse maze solver robot?","aeo-questions","informational","general","/events/competition/maze-solver","event-guide","global","high","8","P1","mapped"
"how does an autonomous drone racing competition work?","aeo-questions","informational","general","/events/competition/drone-race","event-guide","global","high","8","P1","mapped"
"what is atl lab in schools?","aeo-questions","informational","general","/solutions/schools","solution","global","high","8","P1","mapped"
"how to setup a robotics lab in school?","aeo-questions","informational","general","/solutions/schools","solution","global","high","8","P1","mapped"
"how much does a school robotics lab setup cost?","aeo-questions","informational","general","/solutions/schools","solution","global","high","8","P1","mapped"
"why should engineering students learn robotics?","aeo-questions","informational","general","/learn/engineering-students","solution","global","high","8","P1","mapped"
"what is industrial robotics automation?","aeo-questions","informational","general","/services/industrial-automation","service","global","high","8","P1","mapped"
"what is rapid prototyping in robotics?","aeo-questions","informational","general","/services/engineering-rd","service","global","high","8","P1","mapped"
"what are buggy wheels used for in robotics?","aeo-questions","informational","general","/products/robotics-components/112mm-buggy-wheel","product","global","high","8","P1","mapped"
"how to choose wheels for a robo race robot?","aeo-questions","informational","general","/products/robotics-components/112mm-buggy-wheel","product","global","high","8","P1","mapped"
"what is a 2.4ghz rc transmitter used for?","aeo-questions","informational","general","/products/radio-controllers","product","global","high","8","P1","mapped"
"how many channels are needed for a robo soccer robot?","aeo-questions","informational","general","/products/radio-controllers/flysky-fs-i6-2.4g-6ch","product","global","high","8","P1","mapped"
"can a beginner build a line follower robot?","aeo-questions","informational","general","/events/competition/line-follower","event-guide","global","high","8","P1","mapped"
"what is computer vision in industrial automation?","aeo-questions","informational","general","/services/ai-vision","service","global","high","8","P1","mapped"
"what is scada used for in manufacturing?","aeo-questions","informational","general","/services/industrial-automation","service","global","high","8","P1","mapped"
"what is the difference between autonomous and rc robots?","aeo-questions","informational","general","/events/competition/general-robotics","event-guide","global","high","8","P1","mapped"
"where can i buy robotics components in coimbatore?","aeo-questions","informational","general","/products/robotics-components","product","coimbatore","high","8","P1","mapped"
"where to get laser cutting for robot chassis in coimbatore?","aeo-questions","informational","general","/services/laser-cutting","service","coimbatore","high","8","P1","mapped"
"where to get 3d printing service in coimbatore for engineering projects?","aeo-questions","informational","general","/services/3d-printing","service","coimbatore","high","8","P1","mapped"
"where to get custom pcb design in coimbatore?","aeo-questions","informational","general","/services/pcb-design","service","coimbatore","high","8","P1","mapped"
"what is an agv automated guided vehicle?","aeo-questions","informational","general","/services/robotics-automation","service","global","high","8","P1","mapped"
"what is an amr autonomous mobile robot?","aeo-questions","informational","general","/services/robotics-automation","service","global","high","8","P1","mapped"
"what is flysky fs-i6 transmitter?","aeo-questions","informational","general","/products/radio-controllers/flysky-fs-i6-2.4g-6ch","product","global","high","8","P1","mapped"
"what is flysky fs-i6x transmitter?","aeo-questions","informational","general","/products/radio-controllers/flysky-fs-i6x-2.4ghz-6ch-afhds-2a-rc-transmitter-with-fs-ia10b-2.4ghz-10ch-receiver","product","global","high","8","P1","mapped"
"what is the boxing bot?","aeo-questions","informational","general","/products/educational-robotics/boxing-bot","product","global","high","8","P1","mapped"
"what is the weight limit for robo soccer robots?","aeo-questions","informational","general","/events/competition/robo-soccer","event-guide","global","high","8","P1","mapped"
"what is the weight limit for robo race robots?","aeo-questions","informational","general","/events/competition/robo-race","event-guide","global","high","8","P1","mapped"
"what are the rules for line follower competition?","aeo-questions","informational","general","/events/competition/line-follower","event-guide","global","high","8","P1","mapped"
"how do you program a pid line follower in arduino?","aeo-questions","informational","general","/events/competition/line-follower","event-guide","global","high","8","P1","mapped"
"what is the difference between brushed and brushless dc motors in robotics?","aeo-questions","informational","general","/products/robotics-components","product","global","high","8","P1","mapped"
"what is torque in robotics motors?","aeo-questions","informational","general","/products/robotics-components/ttrc-dgj-300rpm","product","global","high","8","P1","mapped"
"what is rpm in robotics motors?","aeo-questions","informational","general","/products/robotics-components/ttrc-dgj-600rpm","product","global","high","8","P1","mapped"
"how to calculate robot speed from motor rpm and wheel diameter?","aeo-questions","informational","general","/events/competition/robo-race","event-guide","global","high","8","P1","mapped"
"what is an h-bridge in robotics?","aeo-questions","informational","general","/products/robotics-components","product","global","high","8","P1","mapped"
"why do competition robots need high discharge batteries?","aeo-questions","informational","general","/products/competition","product","global","high","8","P1","mapped"
"what is fail safe in rc robotics?","aeo-questions","informational","general","/products/radio-controllers","product","global","high","8","P1","mapped"
"how to connect flysky receiver to arduino?","aeo-questions","informational","general","/products/radio-controllers","product","global","high","8","P1","mapped"
"what is ibus in flysky controllers?","aeo-questions","informational","general","/products/radio-controllers/flysky-fs-i6x-2.4ghz-6ch-afhds-2a-rc-transmitter-with-fs-ia10b-2.4ghz-10ch-receiver","product","global","high","8","P1","mapped"
"what is an omni wheel robot?","aeo-questions","informational","general","/products/competition","product","global","high","8","P1","mapped"
"what is a mecanum wheel drive?","aeo-questions","informational","general","/products/competition","product","global","high","8","P1","mapped"
"what programming languages are used in robotics?","aeo-questions","informational","general","/learn/engineering-students","solution","global","high","8","P1","mapped"
"what is ros robot operating system?","aeo-questions","informational","general","/learn/engineering-students","solution","global","high","8","P1","mapped"
"how does laser cutting work for acrylic robot chassis?","aeo-questions","informational","general","/services/laser-cutting","service","global","high","8","P1","mapped"
"what materials can be laser cut for robotics?","aeo-questions","informational","general","/services/laser-cutting","service","global","high","8","P1","mapped"
"what is surface mount technology smt in pcb assembly?","aeo-questions","informational","general","/services/pcb-design","service","global","high","8","P1","mapped"
"what is iot in industrial automation?","aeo-questions","informational","general","/services/embedded-iot","service","global","high","8","P1","mapped"
"what is edge ai in robotics?","aeo-questions","informational","general","/services/ai-vision","service","global","high","8","P1","mapped"
"how does tamizh tech support college robotics teams?","aeo-questions","informational","general","/solutions/colleges","solution","global","high","8","P1","mapped"
"how can schools implement robotics education in tamil nadu?","aeo-questions","informational","general","/solutions/schools","solution","coimbatore","high","8","P1","mapped"
"what warranty and engineering support does tamizh tech provide?","aeo-questions","informational","general","/contact","solution","global","high","8","P1","mapped"
"can i customize a robot chassis design at tamizh tech?","aeo-questions","informational","general","/services/engineering-rd","service","global","high","8","P1","mapped"
"how to order products or request a quote from tamizh tech?","aeo-questions","informational","general","/contact","solution","global","high","8","P1","mapped"
"does tamizh tech offer onsite robotics workshops?","aeo-questions","informational","general","/learn/engineering-students","solution","global","high","8","P1","mapped"
"what are the common mistakes in line follower robot design?","aeo-questions","informational","general","/events/competition/line-follower","event-guide","global","high","8","P1","mapped"
"what are the common mistakes in robo race robot design?","aeo-questions","informational","general","/events/competition/robo-race","event-guide","global","high","8","P1","mapped"
"what are the common mistakes in robo soccer robot design?","aeo-questions","informational","general","/events/competition/robo-soccer","event-guide","global","high","8","P1","mapped"
"what is the role of sensor calibration in competition robots?","aeo-questions","informational","general","/events/competition/general-robotics","event-guide","global","high","8","P1","mapped"
"how do i choose between 100mm and 112mm buggy wheels?","aeo-questions","informational","general","/products/robotics-components/112mm-buggy-wheel","product","global","high","8","P1","mapped"
"what is tamizh tech robotics company located?","aeo-questions","informational","general","/about","solution","global","high","8","P1","mapped"
"all terrain combat robot","robo-war","commercial","students-colleges","/products/competition","product","global","high","8","P2","mapped"
"flipper mechanism combat robot","robo-war","commercial","students-colleges","/products/competition","product","global","high","8","P2","mapped"
"spinning blade combat robot","robo-war","commercial","students-colleges","/products/competition","product","global","high","8","P2","mapped"
"dohyo sumo robot sensor placement","robo-sumo","informational","students-colleges","/events/competition/robo-sumo","event-guide","global","high","8","P2","mapped"
"micro sumo robot design guide","robo-sumo","informational","students-colleges","/events/competition/robo-sumo","event-guide","global","high","8","P2","mapped"
"micromouse floodfill algorithm tutorial","maze-solver","informational","students-colleges","/events/competition/maze-solver","event-guide","global","high","8","P2","mapped"
"left hand rule maze solver robot","maze-solver","informational","students-colleges","/events/competition/maze-solver","event-guide","global","high","8","P2","mapped"
"ultrasonic maze solving robot","maze-solver","commercial","students-colleges","/products/competition","product","global","high","8","P2","mapped"
"drone race obstacle gate dimensions","drone-race","informational","students-colleges","/events/competition/drone-race","event-guide","global","high","8","P2","mapped"
"quadcopter flight controller for racing","drone-race","commercial","students-colleges","/products/competition","product","global","high","8","P2","mapped"
"brushless motor for racing drone","drone-race","commercial","students-colleges","/products/competition","product","global","high","8","P2","mapped"
"fpv camera and video transmitter drone","drone-race","commercial","students-colleges","/products/competition","product","global","high","8","P2","mapped"
"line follower pit stop checklist","line-follower","informational","students-colleges","/events/competition/line-follower","event-guide","global","high","8","P2","mapped"
"line follower calibration technique","line-follower","informational","students-colleges","/events/competition/line-follower","event-guide","global","high","8","P2","mapped"
"line follower inversion track challenge","line-follower","informational","students-colleges","/events/competition/line-follower","event-guide","global","high","8","P2","mapped"
"robo race track hurdle navigation","robo-race","informational","students-colleges","/events/competition/robo-race","event-guide","global","high","8","P2","mapped"
"robo race chassis suspension system","robo-race","commercial","students-colleges","/products/robotics-components","product","global","high","8","P2","mapped"
"robo soccer team coordination tactics","robo-soccer","informational","students-colleges","/events/competition/robo-soccer","event-guide","global","high","8","P2","mapped"
"robo soccer wireless communication lag","robo-soccer","informational","students-colleges","/events/competition/robo-soccer","event-guide","global","high","8","P2","mapped"
"solenoid kicker for robo soccer","robo-soccer","commercial","students-colleges","/products/robotics-components","product","global","high","8","P2","mapped"
"metal gear dc motor for robotics","robot-motors","commercial","students-colleges","/products/robotics-components","product","global","high","8","P2","mapped"
"12v 300rpm dc geared motor india","robot-motors","commercial","students-colleges","/products/robotics-components/ttrc-dgj-300rpm","product","india","high","8","P2","mapped"
"12v 600rpm dc geared motor india","robot-motors","commercial","students-colleges","/products/robotics-components/ttrc-dgj-600rpm","product","india","high","8","P2","mapped"
"robot motor mounting clamp 37mm","robot-motors","commercial","students-colleges","/products/robotics-components","product","global","high","8","P2","mapped"
"l-shaped motor bracket for geared motor","robot-motors","commercial","students-colleges","/products/robotics-components","product","global","high","8","P2","mapped"
"rubber wheel for 600rpm motor","robot-wheels","commercial","students-colleges","/products/robotics-components/112mm-buggy-wheel","product","global","high","8","P2","mapped"
"high traction offroad robot tyres","robot-wheels","commercial","students-colleges","/products/robotics-components/112mm-buggy-wheel","product","global","high","8","P2","mapped"
"silicone coated robot wheels","robot-wheels","commercial","students-colleges","/products/robotics-components","product","global","high","8","P2","mapped"
"robot chassis sheet metal fabrication","robotics-components","commercial","students-colleges","/services/laser-cutting","service","global","high","8","P2","mapped"
"anodized aluminum robot chassis plate","robotics-components","commercial","students-colleges","/products/robotics-components","product","global","high","8","P2","mapped"
"robot power distribution board pdb","robotics-components","commercial","students-colleges","/products/robotics-components","product","global","high","8","P2","mapped"
"buck converter 5v for robotics","robotics-components","commercial","students-colleges","/products/robotics-components","product","global","high","8","P2","mapped"
"emergency stop switch for combat robot","robotics-components","commercial","students-colleges","/products/robotics-components","product","global","high","8","P2","mapped"
"xt60 connectors for robotics","robotics-components","commercial","students-colleges","/products/robotics-components","product","global","high","8","P2","mapped"
"silicone wire 14awg for robot battery","robotics-components","commercial","students-colleges","/products/robotics-components","product","global","high","8","P2","mapped"
"fs-ia10b receiver 10 channel","radio-controllers","commercial","students-colleges","/products/radio-controllers/flysky-fs-i6x-2.4ghz-6ch-afhds-2a-rc-transmitter-with-fs-ia10b-2.4ghz-10ch-receiver","product","global","high","8","P2","mapped"
"fs-ia6b receiver telemetry","radio-controllers","commercial","students-colleges","/products/radio-controllers","product","global","high","8","P2","mapped"
"fs-r6b 6 channel receiver","radio-controllers","commercial","students-colleges","/products/radio-controllers/flysky-fs-ct6b-2.4g-6ch-radio-set-system-with-rx-fs-r6b-receiver","product","global","high","8","P2","mapped"
"2.4ghz antenna replacement flysky","radio-controllers","commercial","students-colleges","/products/radio-controllers","product","global","high","8","P2","mapped"
"rc transmitter trainer cable flysky","radio-controllers","commercial","students-colleges","/products/radio-controllers","product","global","high","8","P2","mapped"
"robotics certification for engineers","stem-education","commercial","students-colleges","/courses","course","global","high","8","P2","mapped"
"industrial automation certification course","stem-education","commercial","b2b-industries","/courses","course","global","high","8","P2","mapped"
"plc and scada training institute coimbatore","stem-education","local","b2b-industries","/learn/industrial-training","solution","coimbatore","high","8","P2","mapped"
"embedded systems course with placement coimbatore","stem-education","local","students-colleges","/learn/engineering-students","solution","coimbatore","high","8","P2","mapped"
"robotics summer training for college students","stem-education","commercial","students-colleges","/learn/engineering-students","solution","global","high","8","P2","mapped"
"winter robotics internship coimbatore","stem-education","local","students-colleges","/learn/engineering-students","solution","coimbatore","high","8","P2","mapped"
"robotics club mentorship college","college-robotics","commercial","students-colleges","/solutions/colleges","solution","global","high","8","P2","mapped"
"technical symposium project display partner","college-robotics","commercial","students-colleges","/solutions/colleges","solution","global","high","8","P2","mapped"
"engineering hackathon robotics hardware kits","college-robotics","commercial","students-colleges","/solutions/colleges","solution","global","high","8","P2","mapped"
"school stem fair project kits","school-robotics","commercial","schools-educators","/solutions/schools","solution","global","high","8","P2","mapped"
"school science exhibition robotics model","school-robotics","educational","schools-educators","/solutions/schools","solution","global","high","8","P2","mapped"
"hands on stem activity kits for kids","school-robotics","commercial","students-colleges","/products/educational-robotics","product","global","high","8","P2","mapped"
"robotics training syllabus for middle school","school-robotics","educational","schools-educators","/solutions/schools","solution","global","high","8","P2","mapped"
"high school robotics club curriculum","school-robotics","educational","schools-educators","/solutions/schools","solution","global","high","8","P2","mapped"
"industrial robot end effector fabrication","robotics-automation-services","commercial","b2b-industries","/services/robotics-automation","service","global","high","8","P2","mapped"
"robotic palletizer system integrator india","b2b-solutions","commercial","students-colleges","/solutions/industries","solution","india","high","8","P2","mapped"
"automated sorting conveyor robotics","b2b-solutions","commercial","students-colleges","/solutions/industries","solution","global","high","8","P2","mapped"
"pneumatic automation solutions coimbatore","industrial-automation-services","local","students-colleges","/services/industrial-automation","service","coimbatore","high","8","P2","mapped"
"custom electrical control panel wiring coimbatore","industrial-automation-services","local","students-colleges","/services/industrial-automation","service","coimbatore","high","8","P2","mapped"
"hmi programming services coimbatore","industrial-automation-services","local","students-colleges","/services/industrial-automation","service","coimbatore","high","8","P2","mapped"
"delta plc programming coimbatore","industrial-automation-services","local","b2b-industries","/services/industrial-automation","service","coimbatore","high","8","P2","mapped"
"siemens plc automation service coimbatore","industrial-automation-services","local","b2b-industries","/services/industrial-automation","service","coimbatore","high","8","P2","mapped"
"rapid metal laser cutting job shop coimbatore","laser-cutting-services","local","students-colleges","/services/laser-cutting","service","coimbatore","high","8","P2","mapped"
"acrylic display laser cutting coimbatore","laser-cutting-services","local","students-colleges","/services/laser-cutting","service","coimbatore","high","8","P2","mapped"
"custom sla 3d printing engineering prototypes","3d-printing-services","commercial","students-colleges","/services/3d-printing","service","global","high","8","P2","mapped"
"abs 3d printing coimbatore","3d-printing-services","local","students-colleges","/services/3d-printing","service","coimbatore","high","8","P2","mapped"
"petg 3d printing service coimbatore","3d-printing-services","local","students-colleges","/services/3d-printing","service","coimbatore","high","8","P2","mapped"
"carbon fiber 3d printing for drones","3d-printing-services","commercial","students-colleges","/services/3d-printing","service","global","high","8","P2","mapped"
"smd stencil fabrication coimbatore","pcb-services","local","students-colleges","/services/pcb-design","service","coimbatore","high","8","P2","mapped"
"rapid pcb prototyping within 24 hours india","pcb-services","commercial","students-colleges","/services/pcb-design","service","india","high","8","P2","mapped"
"hardware engineering consulting coimbatore","rd-services","local","students-colleges","/services/engineering-rd","service","coimbatore","high","8","P2","mapped"
"reverse engineering mechanical parts coimbatore","rd-services","local","students-colleges","/services/engineering-rd","service","coimbatore","high","8","P2","mapped"
"electro mechanical prototyping services india","rd-services","commercial","students-colleges","/services/engineering-rd","service","india","high","8","P2","mapped"